CONFIG,TYPE,OWNER,NOTE,6580,6735,6735M,6753,6757,6735_64,6735M_64,6753_64,6755_64,6797_64,6757_64
CONFIG_ACCDET_EINT,PROJECT,xuexi.bai,,y,O,O,O,O,O,O,O,O,O,O
CONFIG_ACCDET_EINT_IRQ,PROJECT,xuexi.bai,,X,O,O,O,O,O,O,O,O,O,O
CONFIG_FOUR_KEY_HEADSET,PROJECT,xuexi.bai,,O,O,O,O,O,O,O,O,O,O,O
CONFIG_AEABI,PLATFORM,,,y,y,y,y,y,X,X,X,X,X,X
CONFIG_ANDROID,COMMON,,,y,y,y,y,y,y,y,y,y,y,y
CONFIG_ANDROID_BINDER_IPC,COMMON,,,y,y,y,y,y,y,y,y,y,y,y
CONFIG_ANDROID_LOW_MEMORY_KILLER,COMMON,,,y,y,y,y,y,y,y,y,y,y,y
CONFIG_ARCH_MT6580,PLATFORM,,,y,X,X,X,X,X,X,X,X,X,X
CONFIG_ARCH_MT6735,PLATFORM,,,X,y,X,X,X,y,X,X,X,X,X
CONFIG_ARCH_MT6735M,PLATFORM,,,X,X,y,X,X,X,y,X,X,X,X
CONFIG_ARCH_MT6753,PLATFORM,,,X,X,X,y,X,X,X,y,X,X,X
CONFIG_ARCH_MT6755,PLATFORM,,,X,X,X,X,X,X,X,X,y,X,X
CONFIG_ARCH_MT6797,PLATFORM,,,X,X,X,X,X,X,X,X,X,y,X
CONFIG_ARCH_MT6757,PLATFORM,,,X,X,X,X,y,X,X,X,X,X,y
CONFIG_ARCH_MTK_PROJECT,PROJECT,,,O,O,O,O,O,O,O,O,O,O,O
CONFIG_ARM_ARCH_TIMER_SUSPEND_NONSTOP,PLATFORM,mac.lu,,X,X,X,X,X,X,X,X,N,X,X
CONFIG_ARM_KERNMEM_PERMS,PLATFORM,yun.hsiang,,y,y,y,y,y,X,X,X,X,X,X
CONFIG_ARM_PATCH_PHYS_VIRT,PLATFORM,,,N,N,N,N,N,X,X,X,X,X,X
CONFIG_ARM_PSCI,PLATFORM,scott.shu,,X,y,y,y,y,X,X,X,X,X,X
CONFIG_ARM_UNWIND,PLATFORM,Ji.Zhang,,N,N,N,N,N,X,X,X,X,X,X
CONFIG_ARM64_CRYPTO,PLATFORM,Calvin.Liao,,X,X,X,X,X,y,y,y,y,y,y
CONFIG_ARM64_ERRATUM_836870,PLATFORM,,,X,X,X,X,X,X,y,X,X,X,X
CONFIG_ARMV8_DEPRECATED,PLATFORM,,,X,X,X,X,X,y,y,y,y,y,y
CONFIG_ASHMEM,COMMON,,,y,y,y,y,y,y,y,y,y,y,y
CONFIG_AUDIT,COMMON,,,y,y,y,y,y,y,y,y,y,y,y
CONFIG_AUTO_ZRELADDR,PLATFORM,,,y,y,y,y,y,X,X,X,X,X,X
CONFIG_ASYMMETRIC_KEY_TYPE,PROJECT,pangyen.chen,,X,X,X,X,X,X,X,X,X,X,X
CONFIG_ASYMMETRIC_PUBLIC_KEY_SUBTYPE,PROJECT,pangyen.chen,,X,X,X,X,X,X,X,X,X,X,X
CONFIG_BACKLIGHT_SUPPORT_LM3697,PROJECT,joan.cho,new config in this commit c1d836e76318074d6d130e603374f18cfca53661,X,X,X,X,,X,X,X,X,O,
CONFIG_BLK_DEV_BSG,COMMON,,,N,N,N,N,N,N,N,N,N,N,N
CONFIG_BLK_DEV_DM,COMMON,,,y,y,y,y,y,y,y,y,y,y,y
CONFIG_BLK_DEV_INITRD,COMMON,,,y,y,y,y,y,y,y,y,y,y,y
CONFIG_BLK_DEV_LOOP,COMMON,,,y,y,y,y,y,y,y,y,y,y,y
CONFIG_BLK_DEV_MD,PROJECT,pangyen.chen,,X,X,X,X,X,X,X,X,X,X,X
CONFIG_BLK_DEV_SD,COMMON,,,y,y,y,y,y,y,y,y,y,y,y
CONFIG_BOUNCE,PLATFORM,,,N,N,N,N,N,X,X,X,N,N,N
CONFIG_BRIDGE,COMMON,,,y,y,y,y,y,y,y,y,y,y,y
CONFIG_BRIDGE_NETFILTER,PROJECT,hw.tung,,X,X,X,X,X,X,X,X,X,X,X
CONFIG_BUILD_ARM_APPENDED_DTB_IMAGE,PLATFORM,chia-hao.hsu,,y,y,y,y,y,X,X,X,X,X,X
CONFIG_BUILD_ARM_APPENDED_DTB_IMAGE_NAMES,PROJECT,,,O,O,O,O,,X,X,X,X,X,
CONFIG_BUILD_ARM_DTB_OVERLAY_IMAGE,PLATFORM,chia-hao.hsu,,y,y,y,y,y,X,X,X,X,X,X
CONFIG_BUILD_ARM_DTB_OVERLAY_IMAGE_NAMES,PROJECT,,,O,O,O,O,,X,X,X,X,X,
CONFIG_BUILD_ARM64_APPENDED_DTB_IMAGE,PLATFORM,chia-hao.hsu,,X,X,X,X,X,y,y,y,y,y,y
CONFIG_BUILD_ARM64_APPENDED_DTB_IMAGE_NAMES,PROJECT,,,X,X,X,X,,O,O,O,O,O,
CONFIG_BUILD_ARM64_DTB_OVERLAY_IMAGE,PLATFORM,chia-hao.hsu,,X,X,X,X,X,y,y,y,y,y,y
CONFIG_BUILD_ARM64_DTB_OVERLAY_IMAGE_NAMES,PROJECT,,,X,X,X,X,,O,O,O,O,O,
CONFIG_CC_OPTIMIZE_FOR_SIZE,USER;PROJECT,Johnson.Lin,new config in this commit 4d97859c696c6425a1029fe2367c54d15010f450,X,O,O,X,,X,X,X,O,X,
CONFIG_CC_STACKPROTECTOR_REGULAR,USER,,,X,X,X,X,X,X,X,X,X,X,X
CONFIG_CFG80211,COMMON,,,y,y,y,y,y,y,y,y,y,y,y
CONFIG_CFG80211_DEBUGFS,USER,,,X,X,X,X,X,X,X,X,X,X,X
CONFIG_CFG80211_DEFAULT_PS,COMMON,,,N,N,N,N,N,N,N,N,N,N,N
CONFIG_CFG80211_DEVELOPER_WARNINGS,COMMON,,,y,y,y,y,y,y,y,y,y,y,y
CONFIG_CFG80211_INTERNAL_REGDB,COMMON,,,y,y,y,y,y,y,y,y,y,y,y
CONFIG_CFG80211_WEXT,COMMON,Peiyong.Feng,,X,X,X,X,X,X,X,X,X,X,X
CONFIG_CGROUP_CPUACCT,COMMON,,,y,y,y,y,y,y,y,y,y,y,y
CONFIG_CGROUP_DEBUG,COMMON,jing-ting.wu,,y,y,y,y,y,y,y,y,y,y,y
CONFIG_CGROUP_FREEZER,COMMON,jing-ting.wu,,y,y,y,y,y,y,y,y,y,y,y
CONFIG_CGROUP_SCHED,COMMON,,,y,y,y,y,y,y,y,y,y,y,y
CONFIG_CGROUPS,COMMON,,,y,y,y,y,y,y,y,y,y,y,y
CONFIG_CLS_U32_MARK,COMMON,,,y,y,y,y,y,y,y,y,y,y,y
CONFIG_CLS_U32_PERF,COMMON,,,y,y,y,y,y,y,y,y,y,y,y
CONFIG_CMA,PROJECT,Miles.Chen,Specific usage,X,X,X,X,,O,X,X,O,O,
CONFIG_CMA_DEBUG,PROJECT,Miles.Chen,Specific usage,X,X,X,X,,O,X,X,O,O,
CONFIG_CMDLINE,COMMON,,,"console=tty0 console=ttyMT3,921600n1 root=/dev/ram vmalloc=496M slub_max_order=0 slub_debug=O ","console=tty0 console=ttyMT3,921600n1 root=/dev/ram vmalloc=496M slub_max_order=0 slub_debug=O ","console=tty0 console=ttyMT3,921600n1 root=/dev/ram vmalloc=496M slub_max_order=0 slub_debug=O ","console=tty0 console=ttyMT3,921600n1 root=/dev/ram vmalloc=496M slub_max_order=0 slub_debug=O ","console=tty0 console=ttyMT3,921600n1 root=/dev/ram vmalloc=496M slub_max_order=0 slub_debug=O ","console=tty0 console=ttyMT3,921600n1 root=/dev/ram vmalloc=496M slub_max_order=0 slub_debug=O ","console=tty0 console=ttyMT3,921600n1 root=/dev/ram vmalloc=496M slub_max_order=0 slub_debug=O ","console=tty0 console=ttyMT3,921600n1 root=/dev/ram vmalloc=496M slub_max_order=0 slub_debug=O ","console=tty0 console=ttyMT3,921600n1 root=/dev/ram vmalloc=496M slub_max_order=0 slub_debug=O ","console=tty0 console=ttyMT3,921600n1 root=/dev/ram vmalloc=496M slub_max_order=0 slub_debug=O ","console=tty0 console=ttyMT3,921600n1 root=/dev/ram vmalloc=496M slub_max_order=0 slub_debug=O "
CONFIG_COMPAT,PLATFORM,,,X,X,X,X,X,y,y,y,y,y,y
CONFIG_CORE_DUMP_DEFAULT_ELF_HEADERS,COMMON,,,N,N,N,N,N,N,N,N,N,N,N
CONFIG_CP15_BARRIER_EMULATION,PLATFORM,,,X,X,X,X,X,y,y,y,y,y,y
CONFIG_CPU_FREQ,COMMON,,,y,y,y,y,y,y,y,y,y,y,y
CONFIG_CPU_FREQ_DEFAULT_GOV_INTERACTIVE,COMMON,,,y,y,y,y,y,y,y,y,y,y,y
CONFIG_CPU_FREQ_GOV_ONDEMAND,COMMON,,,y,y,y,y,y,y,y,y,y,y,y
CONFIG_CPU_FREQ_GOV_PERFORMANCE,COMMON,,,y,y,y,y,y,y,y,y,y,y,y
CONFIG_CPU_FREQ_GOV_POWERSAVE,COMMON,,,y,y,y,y,y,y,y,y,y,y,y
CONFIG_CPU_FREQ_GOV_USERSPACE,COMMON,,,y,y,y,y,y,y,y,y,y,y,y
CONFIG_CPU_FREQ_STAT_DETAILS,COMMON,,,y,y,y,y,y,y,y,y,y,y,y
CONFIG_CPUSETS,PROJECT,jing-ting.wu,,X,X,X,X,X,X,X,X,X,y,X
CONFIG_CROSS_COMPILE,PLATFORM,,,arm-eabi-,arm-eabi-,arm-eabi-,arm-eabi-,arm-eabi-,aarch64-linux-android-,aarch64-linux-android-,aarch64-linux-android-,aarch64-linux-android-,aarch64-linux-android-,aarch64-linux-android-
CONFIG_CRYPTO_AES_ARM,PLATFORM,Calvin.Liao,,X,y,y,y,y,X,X,X,X,X,X
CONFIG_CRYPTO_AES_ARM64_CE,PLATFORM,Calvin.Liao,,X,X,X,X,X,y,y,y,y,y,y
CONFIG_CRYPTO_AES_ARM64_CE_BLK,PLATFORM,Calvin.Liao,,X,X,X,X,X,y,y,y,y,y,y
CONFIG_CRYPTO_ANSI_CPRNG,COMMON,,,N,N,N,N,N,N,N,N,N,N,N
CONFIG_CRYPTO_CTR,PROJECT,Calvin.Liao,,y,y,y,y,y,y,y,y,O,y,y
CONFIG_CRYPTO_HW,COMMON,,,N,N,N,N,N,N,N,N,N,N,N
CONFIG_CRYPTO_LZ4K,PROJECT,linger.lee,ubifs,O,y,y,y,,y,y,y,y,y,
CONFIG_CRYPTO_LZO,PROJECT,linger.lee,ubifs,O,y,y,y,,y,y,y,y,y,
CONFIG_CRYPTO_NULL,COMMON,,,y,y,y,y,y,y,y,y,y,y,y
CONFIG_CRYPTO_SHA2_ARM64_CE,PLATFORM,Calvin.Liao,,X,X,X,X,X,y,y,y,y,y,y
CONFIG_CRYPTO_SHA256,PROJECT,Calvin.Liao,for dm-verity,y,y,y,y,y,y,y,y,O,y,y
CONFIG_CRYPTO_SHA512,COMMON,Calvin.Liao,for dm-verity,y,y,y,y,y,y,y,y,y,y,y
CONFIG_CRYPTO_TWOFISH,COMMON,,,y,y,y,y,y,y,y,y,y,y,y
CONFIG_CRYPTO_XCBC,PROJECT,linger.lee,ubifs,O,y,y,y,,y,y,y,y,y,
CONFIG_CT6M_SUPPORT,PROJECT,Yanbin.Ren,new config ed4d60d7f1f8eb2fd663c6aceb92cd33d455de06,X,X,X,X,,O,X,O,X,X,
CONFIG_CUSTOM_KERNEL_ACCELEROMETER,PROJECT,Lomen.Wu,,y,y,y,y,,y,y,y,O,y,
CONFIG_CUSTOM_KERNEL_ACCELEROMETER_MODULE,PROJECT,Yue Wu,"new config in this commit I7597083eee235dfc7189c82e62d210be5534b595
",X,X,X,X,X,X,X,X,X,X,X
CONFIG_CUSTOM_KERNEL_ACTIVITY_SENSOR,PROJECT,yucong.xiong,new config in this commit a1a78f1763fbee529159f277816c062515ac238e,X,X,X,X,,X,X,X,X,O,
CONFIG_CUSTOM_KERNEL_ALSPS,PROJECT,qiangming.xia,,y,y,y,y,y,y,y,y,y,y,y
CONFIG_CUSTOM_KERNEL_ALSPS_MODULE,PROJECT,Yue Wu,"new config in this commit I7597083eee235dfc7189c82e62d210be5534b595
",X,X,X,X,X,X,X,X,X,X,X
CONFIG_CUSTOM_KERNEL_ANSWER_CALL_SENSOR,PROJECT,qiangming.xia,new config in this commit 187fb88cfe9b07a6e086117d157e5a75b76f244f,X,X,X,X,,X,X,X,X,O,
CONFIG_CUSTOM_KERNEL_BAROMETER,PROJECT,yucong.xiong,Project config,X,X,X,X,,X,X,X,O,y,
CONFIG_CUSTOM_KERNEL_CAM_CAL_DRV,PROJECT,luke.hu,Project config,X,X,X,X,,X,X,X,O,O,
CONFIG_CUSTOM_KERNEL_FLASHLIGHT,PROJECT,wilson.fan,,constant_flashlight,constant_flashlight,constant_flashlight,constant_flashlight,,constant_flashlight,constant_flashlight,constant_flashlight,constant_flashlight,constant_flashlight,
CONFIG_CUSTOM_KERNEL_GESTURE_SENSOR,PROJECT,qiangming.xia,new config in this commit e5afb39d5bc749c04142bb69e4f89131015320a6,X,X,X,X,,X,X,X,X,O,
CONFIG_CUSTOM_KERNEL_GLANCE_GESTURE_SENSOR,PROJECT,qiangming.xia,,X,X,X,X,,X,X,X,X,O,
CONFIG_CUSTOM_KERNEL_GMRV_SENSOR,PROJECT,hongxu.zhao,new config in this commit efa7fd3bb4ce6ae352425c40321c8d5c7c1c6c14,X,X,X,X,,X,X,X,X,O,
CONFIG_CUSTOM_KERNEL_GRAVITY_SENSOR,PROJECT,hongxu.zhao,new config in this commit efa7fd3bb4ce6ae352425c40321c8d5c7c1c6c14,X,X,X,X,,X,X,X,X,O,
CONFIG_CUSTOM_KERNEL_GRV_SENSOR,PROJECT,hongxu.zhao,new config in this commit efa7fd3bb4ce6ae352425c40321c8d5c7c1c6c14,X,X,X,X,,X,X,X,X,O,
CONFIG_CUSTOM_KERNEL_GYROSCOPE,PROJECT,Lomen.Wu,,y,y,y,y,,y,y,y,O,y,
CONFIG_CUSTOM_KERNEL_GYROSCOPE_MODULE,PROJECT,Yue Wu,"new config in this commit I7597083eee235dfc7189c82e62d210be5534b595
",X,X,X,X,X,X,X,X,X,X,X
CONFIG_MTK_AB_OTA_UPDATER,PROJECT,haohsiang.hsu,,X,X,X,X,X,X,X,X,X,X,X
CONFIG_MTK_DEVICE_ORIENTATION_HUB,PROJECT,hongxu.zhao,,X,X,X,X,,X,X,X,X,O,
CONFIG_CUSTOM_KERNEL_SITUATION,PROJECT,hongxu.zhao,,X,X,X,X,,X,X,X,X,O,
CONFIG_MTK_MOTION_DETECT_HUB,PROJECT,hongxu.zhao,,X,X,X,X,,X,X,X,X,O,
CONFIG_CUSTOM_KERNEL_HDMI,PLATFORM,we.li,new config in this commit b6da34f942623cbaac8ae70f4b2405d4a81961f8,X,X,X,X,Sii8348,X,X,X,X,Sii8348,Sii8348
CONFIG_CUSTOM_KERNEL_HUMIDITY,PROJECT,hongxu.zhao,new config in this commit 063ebd2dfda85d1c6ea1c0120c87fa93fc2570e8,X,X,X,X,X,X,X,X,X,O,X
CONFIG_CUSTOM_KERNEL_IMGSENSOR,PROJECT,jenlung.tsai,,gc0310_yuvimx179_mipi_rawov5670_mipi_raw,O,imx219_mipi_rawgc2355_mipi_raw,imx135_mipi_rawgc2355_mipi_raws5k2p8_mipi_raw,,imx135_mipi_rawgc2355_mipi_raw,imx219_mipi_rawgc2355_mipi_raw,imx135_mipi_rawgc2355_mipi_raws5k2p8_mipi_raw,O,O,
CONFIG_CUSTOM_KERNEL_IN_POCKET_SENSOR,PROJECT,yucong.xiong,new config in this commit a1a78f1763fbee529159f277816c062515ac238e,X,X,X,X,,X,X,X,X,O,
CONFIG_CUSTOM_KERNEL_LCM,PROJECT,chih-chieh.yeh,,O,O,O,r63417_fhd_dsi_cmd_truly_nt50358,,O,otm9608_qhd_dsi_cmd,r63417_fhd_dsi_cmd_truly_nt50358,O,O,
CONFIG_CUSTOM_KERNEL_LINEARACCEL_SENSOR,PROJECT,hongxu.zhao,new config in this commit efa7fd3bb4ce6ae352425c40321c8d5c7c1c6c14,X,X,X,X,,X,X,X,X,O,
CONFIG_CUSTOM_KERNEL_MAGNETOMETER,PROJECT,Lomen.Wu,,y,y,y,y,,y,y,y,O,y,
CONFIG_CUSTOM_KERNEL_MAGNETOMETER_MODULE,PROJECT,Yue Wu,"new config in this commit I7597083eee235dfc7189c82e62d210be5534b595
",X,X,X,X,X,X,X,X,X,X,X
CONFIG_CUSTOM_KERNEL_PDR_SENSOR,PROJECT,xuexi.bai,new config in this commit 3a2f062b1bd2f8919be2670ccbc84133a0af0bfd,X,X,X,X,,X,X,X,X,O,
CONFIG_CUSTOM_KERNEL_PEDOMETER,PROJECT,yucong.xiong,new config in this commit a1a78f1763fbee529159f277816c062515ac238e,X,X,X,X,,X,X,X,X,O,
CONFIG_CUSTOM_KERNEL_PICK_UP_SENSOR,PROJECT,qiangming.xia,,X,X,X,X,,X,X,X,X,O,
CONFIG_CUSTOM_KERNEL_RV_SENSOR,PROJECT,hongxu.zhao,new config in this commit efa7fd3bb4ce6ae352425c40321c8d5c7c1c6c14,X,X,X,X,,X,X,X,X,O,
CONFIG_CUSTOM_KERNEL_SENSORHUB,PROJECT,jie.qiu,new config in this commit dccffad3e53a6e8b4bbde13a4d06d1855dd1d23e,X,X,X,X,,X,X,X,X,O,
CONFIG_CUSTOM_KERNEL_SIGNIFICANT_MOTION,PROJECT,weiqi.fu,new config in this commit 6cf72299191fe832dffff96cd9233bcf981b52a0,X,X,X,X,,X,X,X,X,O,
CONFIG_CUSTOM_KERNEL_SSW,PROJECT,yanbin.ren,,X,ssw_single_v2,ssw_single_v2,ssw_single_v2,,ssw_single_v2,ssw_single_v2,ssw_single_v2,X,,
CONFIG_CUSTOM_KERNEL_STEP_COUNTER,PROJECT,yucong.xiong,new config in this commit a1a78f1763fbee529159f277816c062515ac238e,X,X,X,X,,X,X,X,X,O,
CONFIG_CUSTOM_KERNEL_TILT_DETECTOR_SENSOR,PROJECT,qiangming.xia,,X,X,X,X,,X,X,X,X,O,
CONFIG_CUSTOM_KERNEL_UNCALI_GYRO_SENSOR,PROJECT,weiqi.fu,new config in this commit 6cf72299191fe832dffff96cd9233bcf981b52a0,X,X,X,X,,X,X,X,X,O,
CONFIG_CUSTOM_KERNEL_UNCALI_MAG_SENSOR,PROJECT,weiqi.fu,new config in this commit 6cf72299191fe832dffff96cd9233bcf981b52a0,X,X,X,X,,X,X,X,X,O,
CONFIG_CUSTOM_KERNEL_WAKE_GESTURE_SENSOR,PROJECT,qiangming.xia,,X,X,X,X,,X,X,X,X,O,
CONFIG_CUSTOM_LCM_X,PROJECT,xiaobin.wei,new config in this commit f4016501cb0eecec097a1de0760984fa6a0c4175,X,X,X,X,,X,X,X,X,O,
CONFIG_DEBUG_ATOMIC_SLEEP,USER,,,X,X,X,X,X,X,X,X,X,X,X
CONFIG_DEBUG_BUGVERBOSE,USER,,,N,N,N,N,N,N,N,N,N,N,N
CONFIG_DEBUG_INFO,COMMON,,,y,y,y,y,y,y,y,y,y,y,y
CONFIG_DEBUG_KMEMLEAK,USER,,,X,X,X,X,X,X,X,X,X,X,X
CONFIG_DEBUG_KMEMLEAK_DEFAULT_OFF,USER,,,X,X,X,X,X,X,X,X,X,X,X
CONFIG_DEBUG_KMEMLEAK_EARLY_LOG_SIZE,USER;PROJECT,,,X,X,X,X,,X,X,X,X,X,
CONFIG_DEBUG_LIST,USER,,,X,X,X,X,X,X,X,X,X,X,X
CONFIG_DEBUG_LOCKDEP,USER,,,X,X,X,X,X,X,X,X,X,X,X
CONFIG_DEBUG_PREEMPT,USER:PLATFORM,YT.Chang,,N,N,N,N,N,N,N,N,N,N,N
CONFIG_DEBUG_RODATA,PLATFORM,yun.hsiang,new config in this commit e8ae87ba768328673420ab0b3382efcf7ada3991,X,X,X,X,X,y,y,y,y,y,y
CONFIG_DEBUG_SPINLOCK,USER;PROJECT,May.Huang,new config af2e2e13088253076dd2e39493509b552944b9f3,X(USER),X(USER),X(USER),X(USER),X(USER),X(USER),X(USER),O(USER;PROJECT),X(USER),X(USER),X(USER)
CONFIG_DEBUG_STACK_USAGE,COMMON,jades.shih,,X,X,X,X,X,X,X,X,X,X,X
CONFIG_DETECT_HUNG_TASK,USER,,,X,X,X,X,X,X,X,X,X,X,X
CONFIG_DEVKMEM,COMMON,,,N,N,N,N,N,N,N,N,N,N,N
CONFIG_DEVMEM,COMMON,,,N,N,N,N,N,N,N,N,N,N,N
CONFIG_DISABLE_CPU_SCHED_DOMAIN_BALANCE,COMMON,yt.chang,new config in this commit 415c6abc1901c852f7db422fa1f0cac2e9a6e1ef,X,X,X,X,X,X,X,X,X,X,X
CONFIG_DM_CRYPT,COMMON,,,y,y,y,y,y,y,y,y,y,y,y
CONFIG_DM_DEBUG,USER,,,X,X,X,X,X,X,X,X,X,X,X
CONFIG_DM_UEVENT,COMMON,,,y,y,y,y,y,y,y,y,y,y,y
CONFIG_DM_VERITY,COMMON,Calvin.Liao,for dm-verity,y,y,y,y,y,y,y,y,y,y,y
CONFIG_DM_ANDROID_VERITY,PROJECT,pangyen.chen,,X,X,X,X,X,X,X,X,X,X,X
CONFIG_DMA_API_DEBUG,USER,,,X,X,X,X,X,X,X,X,X,X,X
CONFIG_DUAL_ROLE_USB_INTF,PROJECT,vend_jeff_chang001,new config at this commit ebc855c95fb2bdff04b66d63675dbac9387577a8,X,X,X,X,O,X,X,X,X,X,O
CONFIG_DYNAMIC_DEBUG,COMMON,,,y,y,y,y,y,y,y,y,y,y,y
CONFIG_EFI,PLATFORM,my.chuang,arm64 only,X,X,X,X,X,N,N,N,N,N,N
CONFIG_EMBEDDED,COMMON,,,y,y,y,y,y,y,y,y,y,y,y
CONFIG_ENABLE_DEFAULT_TRACERS,COMMON,,,y,y,y,y,y,y,y,y,y,y,y
CONFIG_ETHERNET,COMMON,,,N,N,N,N,N,N,N,N,N,N,N
CONFIG_EXT4_DEBUG,USER;PROJECT,perry.hsu,nand project,X,X,X,X,,X,X,X,X,X,
CONFIG_EXT4_FS,COMMON,,,y,y,y,y,y,y,y,y,y,y,y
CONFIG_EXT4_ENCRYPTION,PROJECT,perry.hsu,disable in 1aadaf04723883ec1a64643c2a0d083e3135aafa,X,X,X,X,X,X,X,X,O,X,X
CONFIG_EXT4_FS_SECURITY,COMMON,,,y,y,y,y,y,y,y,y,y,y,y
CONFIG_FAULT_INJECTION,COMMON,,,y,y,y,y,y,y,y,y,y,y,y
CONFIG_FB,COMMON,,,y,y,y,y,y,y,y,y,y,y,y
CONFIG_FB_MODE_HELPERS,COMMON,,,y,y,y,y,y,y,y,y,y,y,y
CONFIG_FB_TILEBLITTING,COMMON,,,y,y,y,y,y,y,y,y,y,y,y
CONFIG_FRAME_WARN,COMMON,,,1400,1400,1400,1400,1400,1400,1400,1400,1400,1400,1400
CONFIG_PAGE_OWNER,USER;PLATFORM,Lucas-sr.Wei,,X(PLATFORM),X(PLATFORM),X(PLATFORM),X(PLATFORM),X(USER),X(PLATFORM),X(PLATFORM),X(PLATFORM),X(PLATFORM),X(USER),X(USER)
CONFIG_FUSE_FS,COMMON,,,y,y,y,y,y,y,y,y,y,y,y
CONFIG_FW_LOADER_USER_HELPER_FALLBACK,PLATFORM,Morven-CF.Yeh,,X,X,X,X,X,X,X,X,X,X,X
CONFIG_GATOR,COMMON,Ian-y.Chen,,X,X,X,X,X,X,X,X,X,X,X
CONFIG_GT1151_CONFIG,PROJECT,zh.chen,,config4,config1,config2,config3,,config1,config2,config3,config8,O,
CONFIG_GT1151_FIRMWARE,PROJECT,zh.chen,,X,firmware1,firmware1,firmware1,,firmware1,firmware1,firmware1,,O,
CONFIG_GTP_AUTO_UPDATE,PROJECT,xing.fang,,X,y,y,y,,y,y,y,y,O,
CONFIG_GTP_CREATE_WR_NODE,PROJECT,xing.fang,,X,y,y,y,,y,y,y,y,O,
CONFIG_GTP_CUSTOM_CFG,PROJECT,xing.fang,,y,y,y,y,,y,y,y,y,O,
CONFIG_GTP_DRIVER_SEND_CFG,PROJECT,xing.fang,,X,y,y,y,,y,y,y,y,O,
CONFIG_GTP_HEADER_FW_UPDATE,PROJECT,xing.fang,,X,y,y,y,,y,y,y,y,O,
CONFIG_GTP_HOTKNOT,PROJECT,xing.fang,,X,y,y,y,,y,y,y,y,O,
CONFIG_GTP_POWER_CTRL_SLEEP,PROJECT,xing.fang,,O,y,y,O,,y,y,y,y,O,
CONFIG_HAVE_ARM_ARCH_TIMER,PLATFORM,,,y,y,y,y,y,X,X,X,X,X,X
CONFIG_HEADSET_SUPPORT_FIVE_POLE,PROJECT,zh.chen,new config in this commit d7e6a06694326785164e1d5412d5a9a8513648ad,X,X,X,X,,X,X,X,X,O,
CONFIG_HIBERNATION,PROJECT,Calvin.Hung,,y,y,y,y,,X,X,X,X,X,
CONFIG_HID_A4TECH,COMMON,,,y,y,y,y,y,y,y,y,y,y,y
CONFIG_HID_APPLE,COMMON,,,y,y,y,y,y,y,y,y,y,y,y
CONFIG_HID_BELKIN,COMMON,,,y,y,y,y,y,y,y,y,y,y,y
CONFIG_HID_CHERRY,COMMON,,,y,y,y,y,y,y,y,y,y,y,y
CONFIG_HID_CHICONY,COMMON,,,y,y,y,y,y,y,y,y,y,y,y
CONFIG_HID_CYPRESS,COMMON,,,y,y,y,y,y,y,y,y,y,y,y
CONFIG_HID_DRAGONRISE,COMMON,,,y,y,y,y,y,y,y,y,y,y,y
CONFIG_HID_EZKEY,COMMON,,,y,y,y,y,y,y,y,y,y,y,y
CONFIG_HID_GREENASIA,COMMON,,,y,y,y,y,y,y,y,y,y,y,y
CONFIG_HID_GYRATION,COMMON,,,y,y,y,y,y,y,y,y,y,y,y
CONFIG_HID_KENSINGTON,COMMON,,,y,y,y,y,y,y,y,y,y,y,y
CONFIG_HID_KYE,COMMON,,,y,y,y,y,y,y,y,y,y,y,y
CONFIG_HID_LOGITECH,COMMON,,,y,y,y,y,y,y,y,y,y,y,y
CONFIG_HID_MAGICMOUSE,COMMON,,,y,y,y,y,y,y,y,y,y,y,y
CONFIG_HID_MICROSOFT,COMMON,,,y,y,y,y,y,y,y,y,y,y,y
CONFIG_HID_MONTEREY,COMMON,,,y,y,y,y,y,y,y,y,y,y,y
CONFIG_HID_NTRIG,COMMON,Unused,,X,X,X,X,X,X,X,X,X,X,X
CONFIG_HID_PANTHERLORD,COMMON,,,y,y,y,y,y,y,y,y,y,y,y
CONFIG_HID_PETALYNX,COMMON,,,y,y,y,y,y,y,y,y,y,y,y
CONFIG_HID_SAMSUNG,COMMON,,,y,y,y,y,y,y,y,y,y,y,y
CONFIG_HID_SMARTJOYPLUS,COMMON,,,y,y,y,y,y,y,y,y,y,y,y
CONFIG_HID_SONY,COMMON,Unused,,X,X,X,X,X,X,X,X,X,X,X
CONFIG_HID_SUNPLUS,COMMON,,,y,y,y,y,y,y,y,y,y,y,y
CONFIG_HID_THRUSTMASTER,COMMON,,,y,y,y,y,y,y,y,y,y,y,y
CONFIG_HID_TOPSEED,COMMON,,,y,y,y,y,y,y,y,y,y,y,y
CONFIG_HID_TWINHAN,COMMON,,,y,y,y,y,y,y,y,y,y,y,y
CONFIG_HID_ZEROPLUS,COMMON,,,y,y,y,y,y,y,y,y,y,y,y
CONFIG_HIDRAW,COMMON,,,y,y,y,y,y,y,y,y,y,y,y
CONFIG_HIGH_RES_TIMERS,COMMON,,,y,y,y,y,y,y,y,y,y,y,y
CONFIG_HIGHMEM,PLATFORM,,,y,y,y,y,y,X,X,X,X,X,X
CONFIG_HMP_TRACER,PLATFORM,yt.chang,,X,X,X,X,y,X,X,X,y,y,y
CONFIG_HW_RANDOM,COMMON,,,N,N,N,N,N,N,N,N,N,N,N
CONFIG_HWMON,COMMON,,,N,N,N,N,N,N,N,N,N,N,N
CONFIG_I2C,COMMON,,,y,y,y,y,y,y,y,y,y,y,y
CONFIG_IFB,COMMON,,,y,y,y,y,y,y,y,y,y,y,y
CONFIG_IIO,PROJECT,gaia.chang,,X,X,X,X,,X,X,X,X,O,
CONFIG_IKCONFIG,COMMON,,,y,y,y,y,y,y,y,y,y,y,y
CONFIG_IKCONFIG_PROC,COMMON,,,y,y,y,y,y,y,y,y,y,y,y
CONFIG_INET,COMMON,,,y,y,y,y,y,y,y,y,y,y,y
CONFIG_INET_AH,COMMON,,,y,y,y,y,y,y,y,y,y,y,y
CONFIG_INET_DIAG_DESTROY,COMMON,changqing.sun,,y,y,y,y,y,y,y,y,y,y,y
CONFIG_INET_ESP,COMMON,,,y,y,y,y,y,y,y,y,y,y,y
CONFIG_INET_IPCOMP,COMMON,,,y,y,y,y,y,y,y,y,y,y,y
CONFIG_INET_LRO,COMMON,,,N,N,N,N,N,N,N,N,N,N,N
CONFIG_INET6_AH,COMMON,,,y,y,y,y,y,y,y,y,y,y,y
CONFIG_INET6_ESP,COMMON,,,y,y,y,y,y,y,y,y,y,y,y
CONFIG_INET6_IPCOMP,COMMON,,,y,y,y,y,y,y,y,y,y,y,y
CONFIG_INET6_XFRM_MODE_ROUTEOPTIMIZATION,COMMON,,,y,y,y,y,y,y,y,y,y,y,y
CONFIG_INPUT_EVDEV,COMMON,,,y,y,y,y,y,y,y,y,y,y,y
CONFIG_INPUT_KEYCHORD,COMMON,Unused,,X,X,X,X,X,X,X,X,X,X,X
CONFIG_INPUT_MISC,COMMON,,,y,y,y,y,y,y,y,y,y,y,y
CONFIG_INPUT_MOUSE,COMMON,Unused,,N,N,N,N,N,N,N,N,N,N,N
CONFIG_INPUT_MOUSEDEV,COMMON,Unused,,N,N,N,N,N,N,N,N,N,N,N
CONFIG_INPUT_MOUSEDEV_SCREEN_X,COMMON,Unused,,X,X,X,X,X,X,X,X,X,X,X
CONFIG_INPUT_MOUSEDEV_SCREEN_Y,COMMON,Unused,,X,X,X,X,X,X,X,X,X,X,X
CONFIG_INPUT_TOUCHSCREEN,COMMON,,,y,y,y,y,y,y,y,y,y,y,y
CONFIG_INPUT_UINPUT,COMMON,,,y,y,y,y,y,y,y,y,y,y,y
CONFIG_ION,COMMON,,,y,y,y,y,y,y,y,y,y,y,y
CONFIG_IP_ADVANCED_ROUTER,COMMON,,,y,y,y,y,y,y,y,y,y,y,y
CONFIG_IP_MROUTE,COMMON,,,y,y,y,y,y,y,y,y,y,y,y
CONFIG_IP_MROUTE_MULTIPLE_TABLES,COMMON,,,y,y,y,y,y,y,y,y,y,y,y
CONFIG_IP_MULTICAST,COMMON,,,y,y,y,y,y,y,y,y,y,y,y
CONFIG_IP_MULTIPLE_TABLES,COMMON,,,y,y,y,y,y,y,y,y,y,y,y
CONFIG_IP_NF_ARPTABLES,COMMON,,,y,y,y,y,y,y,y,y,y,y,y
CONFIG_IP_NF_FILTER,COMMON,,,y,y,y,y,y,y,y,y,y,y,y
CONFIG_IP_NF_IPTABLES,COMMON,,,y,y,y,y,y,y,y,y,y,y,y
CONFIG_IP_NF_MANGLE,COMMON,,,y,y,y,y,y,y,y,y,y,y,y
CONFIG_IP_NF_NAT,COMMON,,,y,y,y,y,y,y,y,y,y,y,y
CONFIG_IP_NF_RAW,COMMON,,,y,y,y,y,y,y,y,y,y,y,y
CONFIG_IP_NF_TARGET_MASQUERADE,COMMON,,,y,y,y,y,y,y,y,y,y,y,y
CONFIG_IP_NF_TARGET_NETMAP,COMMON,,,y,y,y,y,y,y,y,y,y,y,y
CONFIG_IP_NF_TARGET_REDIRECT,COMMON,,,y,y,y,y,y,y,y,y,y,y,y
CONFIG_IP_NF_TARGET_REJECT,COMMON,,,y,y,y,y,y,y,y,y,y,y,y
CONFIG_IP_PIMSM_V1,COMMON,,,y,y,y,y,y,y,y,y,y,y,y
CONFIG_IP_PIMSM_V2,COMMON,,,y,y,y,y,y,y,y,y,y,y,y
CONFIG_IP_PNP,COMMON,,,y,y,y,y,y,y,y,y,y,y,y
CONFIG_IP_PNP_BOOTP,COMMON,,,y,y,y,y,y,y,y,y,y,y,y
CONFIG_IP_PNP_DHCP,COMMON,,,y,y,y,y,y,y,y,y,y,y,y
CONFIG_IP6_NF_FILTER,COMMON,,,y,y,y,y,y,y,y,y,y,y,y
CONFIG_IP6_NF_IPTABLES,COMMON,,,y,y,y,y,y,y,y,y,y,y,y
CONFIG_IP6_NF_MANGLE,COMMON,,,y,y,y,y,y,y,y,y,y,y,y
CONFIG_IP6_NF_MATCH_FRAG,COMMON,,,y,y,y,y,y,y,y,y,y,y,y
CONFIG_IP6_NF_MATCH_IPV6HEADER,COMMON,,,y,y,y,y,y,y,y,y,y,y,y
CONFIG_IP6_NF_MATCH_RPFILTER,COMMON,,,y,y,y,y,y,y,y,y,y,y,y
CONFIG_IP6_NF_RAW,COMMON,,,y,y,y,y,y,y,y,y,y,y,y
CONFIG_IP6_NF_TARGET_HL,COMMON,,,y,y,y,y,y,y,y,y,y,y,y
CONFIG_IP6_NF_TARGET_REJECT,COMMON,,,y,y,y,y,y,y,y,y,y,y,y
CONFIG_IPV6,PROJECT,hw.tung,,X,X,X,X,X,X,X,X,X,X,X
CONFIG_IPV6_MIP6,COMMON,,,y,y,y,y,y,y,y,y,y,y,y
CONFIG_IPV6_MROUTE,COMMON,,,y,y,y,y,y,y,y,y,y,y,y
CONFIG_IPV6_MULTIPLE_TABLES,COMMON,,,y,y,y,y,y,y,y,y,y,y,y
CONFIG_IPV6_OPTIMISTIC_DAD,COMMON,,,y,y,y,y,y,y,y,y,y,y,y
CONFIG_IPV6_PIMSM_V2,COMMON,,,y,y,y,y,y,y,y,y,y,y,y
CONFIG_IPV6_ROUTE_INFO,COMMON,,,y,y,y,y,y,y,y,y,y,y,y
CONFIG_IPV6_ROUTER_PREF,COMMON,,,y,y,y,y,y,y,y,y,y,y,y
CONFIG_IPV6_SIT_6RD,COMMON,,,y,y,y,y,y,y,y,y,y,y,y
CONFIG_IPV6_SUBTREES,COMMON,,,y,y,y,y,y,y,y,y,y,y,y
CONFIG_IPV6_TUNNEL,COMMON,,,y,y,y,y,y,y,y,y,y,y,y
CONFIG_ISO9660_FS,COMMON,,,y,y,y,y,y,y,y,y,y,y,y
CONFIG_JOLIET,COMMON,,,y,y,y,y,y,y,y,y,y,y,y
CONFIG_KEYS,PROJECT,pangyen.chen,,X,X,X,X,X,X,X,X,X,X,X
CONFIG_KEYBOARD_ATKBD,COMMON,Unused,,N,N,N,N,N,N,N,N,N,N,N
CONFIG_KEYBOARD_MTK,COMMON,Zh.Chen,,y,y,y,y,y,y,y,y,y,y,y
CONFIG_KGDB,USER,,,X,X,X,X,X,X,X,X,X,X,X
CONFIG_KGDB_KDB,USER,,,X,X,X,X,X,X,X,X,X,X,X
CONFIG_KPD_PMIC_LPRST_TD,PROJECT,elvin.lin,,X,X,X,X,0,X,X,X,0,X,0
CONFIG_KPD_PWRKEY_USE_PMIC,COMMON,,,y,y,y,y,y,y,y,y,y,y,y
CONFIG_LCM_HEIGHT,PROJECT,xiaobin.wei,,O,O,O,X,,1280,960,X,O,O,
CONFIG_LCM_WIDTH,PROJECT,xiaobin.wei,,O,O,O,X,,720,540,X,O,O,
CONFIG_LEDS_CLASS,COMMON,,,y,y,y,y,y,y,y,y,y,y,y
CONFIG_LEDS_TRIGGER_TIMER,COMMON,,,y,y,y,y,y,y,y,y,y,y,y
CONFIG_LEDS_TRIGGERS,COMMON,,,y,y,y,y,y,y,y,y,y,y,y
CONFIG_LEGACY_PTY_COUNT,COMMON,,,16,16,16,16,16,16,16,16,16,16,16
CONFIG_LIBCRC32C,COMMON,,,X,X,X,X,X,X,X,X,X,X,X
CONFIG_LIGHTNESS_MAPPING_VALUE,PROJECT,xuexi.bai,custom setting with default,X,O,X,X,,O,X,O,X,X,
CONFIG_LOCALVERSION_AUTO,COMMON,,,N,N,N,N,N,N,N,N,N,N,N
CONFIG_LOG_BUF_SHIFT,PROJECT,,,O,O,X,X,,X,X,X,X,X,
CONFIG_LOG_TOO_MUCH_DETECT_COUNT,USER;PROJECT,Yuxian.Xu,new config in this commit 6de386d4ce6ebe8d82c8fef64cc04a57503cded9,X,X,X,X,O,X,X,X,O,O,O
CONFIG_LOG_TOO_MUCH_WARNING,USER;PROJECT,Yuxian.Xu,,X,X,X,X,O,X,X,X,O,O,O
CONFIG_LOGO,PROJECT,,,O,O,O,y,,y,y,y,O,y,
CONFIG_LZ4K,PROJECT,linger.lee,,O,X,X,X,,X,X,X,X,X,
CONFIG_MAGIC_SYSRQ,USER,,this is COMMON config eng is selected by KGDB,y,y,y,y,y,y,y,y,y,y,y
CONFIG_MD,COMMON,,,y,y,y,y,y,y,y,y,y,y,y
CONFIG_MD_LINEAR,PROJECT,pangyen.chen,,X,X,X,X,X,X,X,X,X,X,X
CONFIG_MEDIATEK_SOLUTION,COMMON,,,y,y,y,y,y,y,y,y,y,y,y
CONFIG_MFD_SYSCON,PLATFORM,,,X,X,X,X,X,X,X,X,X,X,X
CONFIG_MICROTRUST_TEE_SUPPORT,PROJECT,Coboy.Chen,,X,X,X,X,,X,X,X,O,O,
CONFIG_MMC,COMMON,,,y,y,y,y,y,y,y,y,y,y,y
CONFIG_MMC_BLOCK_MINORS,COMMON,,,32,32,32,32,32,32,32,32,32,32,32
CONFIG_MMC_MTK,COMMON,,,y,y,y,y,y,y,y,y,y,y,y
CONFIG_MMPROFILE,COMMON,,,y,y,y,y,y,y,y,y,y,y,y
CONFIG_MOBICORE_API,PROJECT,hungwen.chien,,O,O,O,X,,O,O,X,O,O,
CONFIG_MOBICORE_DEBUG,COMMON,,,X,X,X,X,X,X,X,X,X,X,X
CONFIG_MOBICORE_DRIVER,PROJECT,hungwen.chien,,O,O,O,X,,O,O,X,O,O,
CONFIG_MOBICORE_VERBOSE,COMMON,,,X,X,X,X,X,X,X,X,X,X,X
CONFIG_MODULES,PROJECT,hw.tung,,X,X,X,X,X,X,X,X,X,X,X
CONFIG_MOUSE_PS2,COMMON,Unused,,X,X,X,X,X,X,X,X,X,X,X
CONFIG_MSDOS_FS,COMMON,,,y,y,y,y,y,y,y,y,y,y,y
CONFIG_MT_CPU_AFFINITY,COMMON,May.Huang,,y,y,y,y,y,y,y,y,y,y,y
CONFIG_MT_ENG_BUILD,USER,,,X,X,X,X,X,X,X,X,X,X,X
CONFIG_MTK_DTBO_FEATURE,PROJECT,chia-hao.hsu,,,,,,,,,,,,
CONFIG_MT_LOAD_BALANCE_ENHANCEMENT,COMMON,YT.Chang,,y,y,y,y,y,y,y,y,y,y,y
CONFIG_MT_RT_THROTTLE_MON,USER,,,X,X,X,X,X,X,X,X,X,X,X
CONFIG_MT_SCHED_INTEROP,COMMON,YT.Chang,,y,y,y,y,y,y,y,y,y,y,y
CONFIG_MT_SCHED_MON_DEFAULT_ENABLE,PROJECT,May.Huang,new config af2e2e13088253076dd2e39493509b552944b9f3,X,X,X,X,X,X,X,O,X,X,X
CONFIG_MT_SCHED_MONITOR,USER;PROJECT,may.huang,,X(USER),X(USER),X(USER),X(USER),X(USER),X(USER),X(USER),O(USER;PROJECT),X(USER),X(USER),X(USER)
CONFIG_MT_SCHED_TRACE,USER,,,X,X,X,X,X,X,X,X,X,X,X
CONFIG_MT_SND_SOC_6570,PLATFORM,shane.chien,new config in this commit I5e6bc52281c81e566779aadb4af95db787037c38,X,X,X,X,X,X,X,X,X,X,X
CONFIG_MT_SND_SOC_6580,PLATFORM,,,y,X,X,X,X,X,X,X,X,X,X
CONFIG_MT_SND_SOC_6750,PROJECT,georgecy.lin,new config daa86d3ef2d877b75d5de580cc78971c5e2fce55,X,X,X,X,X,X,X,X,O,X,X
CONFIG_MT_SND_SOC_6755,PROJECT,georgecy.lin,new config in this commit fab6167f1064bb4535e66a9338d5c9070adf8c00,X,X,X,X,X,X,X,X,y,X,X
CONFIG_MT_SND_SOC_6797,PLATFORM,kaichieh.chuang,new config in this commit 1074dfde83f3f625a010d4be43fdc68cd2518b33,X,X,X,X,X,X,X,X,X,y,X
CONFIG_MT_SND_SOC_CODEC,PROJECT,Chien-Wei.hsu,new config in this commit Id1263ee35209bb47f72e3e37cc57fa82d52c036f,X,X,X,X,,X,X,X,mt6351,mt6351,
CONFIG_MT_SND_SOC_V3,PLATFORM,georgecy.lin,,X,y,y,y,X,y,y,y,X,X,X
CONFIG_MT_TRUSTONIC_TEE_DEBUGFS,USER;PROJECT,hungwen.chien,,X,X,X,X,,X,X,X,X,X,
CONFIG_MT_TRUSTY_DEBUGFS,USER;PROJECT,coboy.chen,,X,X,X,X,,X,X,X,X,X,
CONFIG_MTD,COMMON,,,y,y,y,y,y,y,y,y,y,y,y
CONFIG_MTD_BLOCK,COMMON,,,y,y,y,y,y,y,y,y,y,y,y
CONFIG_MTD_NAND,PROJECT,Chienwei.Chang,,O,X,X,X,,X,X,X,X,X,
CONFIG_MTD_NAND_IDS,PROJECT,Chienwei.Chang,,O,y,y,y,,y,y,y,y,y,
CONFIG_MTD_NAND_PLATFORM,PROJECT,Chienwei.Chang,,O,X,X,X,,X,X,X,X,X,
CONFIG_MTD_OF_PARTS,PLATFORM,Chienwei.Chang,,N,N,N,N,X,X,X,X,X,X,X
CONFIG_MTD_UBI,PROJECT,linger.lee,,O,X,X,X,,X,X,X,X,X,
CONFIG_MTD_UBI_BEB_LIMIT,PROJECT,linger.lee,,O,X,X,X,,X,X,X,X,X,
CONFIG_MTD_UBI_GLUEBI,PROJECT,linger.lee,,O,X,X,X,,X,X,X,X,X,
CONFIG_MTD_UBI_WL_THRESHOLD,PROJECT,linger.lee,,O,X,X,X,,X,X,X,X,X,
CONFIG_MTK_AAL_SUPPORT,PROJECT,yiruei.wu,,O,X,O,X,,O,O,X,O,O,
CONFIG_MTK_ACCDET,COMMON,darren.liao,,y,y,y,y,y,y,y,y,y,y,y
CONFIG_MTK_ACCELHUB,PROJECT,weiqi.fu,new config in this commit ddc5d59450d236e7d3732ebd43a19c5056787cc0,X,X,X,X,,X,X,X,X,O,
CONFIG_MTK_ACTIVITYHUB,PROJECT,hongxu.zhao,new config in this commit c432a63a513fc50d10e28c1c65b6bba2903ac29c,X,X,X,X,,X,X,X,X,O,
CONFIG_MTK_AEE_FEATURE,COMMON,,,y,y,y,y,y,y,y,y,y,y,y
CONFIG_MTK_AEE_MRDUMP,USER;PLATFORM,my.chunag,mt6755 memory reserved mode ready,X(PLATFORM),X(PLATFORM),X(PLATFORM),X(PLATFORM),X(USER),X(PLATFORM),X(PLATFORM),X(PLATFORM),X(USER),X(USER),X(USER)
CONFIG_MTK_AKM8963_NEW,PROJECT,Lomen.Wu,,X,X,X,X,X,X,X,X,X,X,X
CONFIG_MTK_AKM09911_NEW,PLATFORM,jy.lan,,y,y,y,y,,y,y,y,X,X,
CONFIG_MTK_AKM09912,PROJECT,hongxu.zhao,new config in this commit 063ebd2dfda85d1c6ea1c0120c87fa93fc2570e8,X,X,X,X,,X,X,X,X,O,
CONFIG_MTK_ALSPSHUB,PROJECT,weiqi.fu,new config in this commit ddc5d59450d236e7d3732ebd43a19c5056787cc0,X,X,X,X,,X,X,X,X,O,
CONFIG_MTK_ANSWER_CALL_HUB,PROJECT,qiangming.xia,new config in this commit 187fb88cfe9b07a6e086117d157e5a75b76f244f,X,X,X,X,,X,X,X,X,O,
CONFIG_MTK_BAROHUB,PROJECT,weiqi.fu,new config in this commit ddc5d59450d236e7d3732ebd43a19c5056787cc0,X,X,X,X,,X,X,X,X,O,
CONFIG_MTK_BIF_SUPPORT,PROJECT,elvin.lin,,X,X,X,X,,X,X,X,y,X,
CONFIG_MTK_BMP280,PROJECT,lomen.wu,new config in this commit 4486d5ee565d38da91ef65fd3918a57aaa5263f2,X,X,X,X,,X,X,X,X,O,
CONFIG_MTK_BMP280_NEW,PLATFORM,lomen.wu,,X,X,X,X,,X,X,X,y,X,
CONFIG_MTK_BQ25896_SUPPORT,PROJECT,elvin.lin,,X,X,X,X,,X,X,X,y,,
CONFIG_MTK_BQ25898_DUAL_SUPPORT,PROJECT,stanley.song,new config in this commit b6db89c2627e63144eb53dbb76f8c9aaa73950ea,X,X,X,X,,X,X,X,X,O,
CONFIG_MTK_BTCVSD,PROJECT,kaichieh.chuang,,O,y,O,y,X,y,O,O,X,X,X
CONFIG_MTK_BTCVSD_ALSA,PLATFORM,kaichieh.chuang,,X,X,X,X,y,X,X,X,y,y,y
CONFIG_MTK_BTIF,COMMON,,,y,y,y,y,y,y,y,y,y,y,y
CONFIG_MTK_C2K_LTE_MODE,PROJECT,yanbin.ren,,X,2,X,2,,2,2,2,2,2,
CONFIG_MTK_C2K_SLOT2_SUPPORT,PROJECT,anny.hu,,X,X,X,X,,O,X,X,O,O,
CONFIG_MTK_CACHE_FLUSH_RANGE_PARALLEL,PROJECT,shun-chih.yu,new config in this commit 08da46e2ec4ab3df1cc4f518956524038a2201da,X,X,X,X,,X,X,X,O,X,
CONFIG_MTK_CAM_CAL,PROJECT,luke.hu,,X,X,X,X,,X,X,X,O,O,
CONFIG_MTK_CCCI_DEVICES,COMMON,yanbin.ren,new config in this commit 9715b038cd89c33b3acb9a75a29652347cccc65c,X,X,X,X,X,X,X,X,X,X,X
CONFIG_MTK_CCCI_DRIVER,PLATFORM,chao.song,,y,X,X,X,X,X,X,X,X,X,X
CONFIG_MTK_CCCI_EXT,PLATFORM,chao.song,,y,X,X,X,X,X,X,X,X,X,X
CONFIG_MTK_CHIP,COMMON,,,y,y,y,y,y,y,y,y,y,y,y
CONFIG_MTK_CLKMGR,PLATFORM,,,y,X,y,y,X,X,y,y,X,X,X
CONFIG_MTK_CM36558,PROJECT,hongxu.zhao,new config in this commit 063ebd2dfda85d1c6ea1c0120c87fa93fc2570e8,X,X,X,X,,X,X,X,X,O,
CONFIG_MTK_CM36652_NEW,PLATFORM,jy.lan,,y,y,y,y,,y,y,y,X,X,
CONFIG_MTK_CM36686_NEW,PLATFORM,jy.lan,,X,X,X,X,,X,X,X,y,X,
CONFIG_MTK_CM36686,PROJECT,andrew.yang,,X,X,X,X,X,X,X,X,X,X,X
CONFIG_MTK_AKM8963,PROJECT,lomen.wu,,X,X,X,X,X,X,X,X,X,X,X
CONFIG_MTK_CMDQ,COMMON,,,y,y,y,y,y,y,y,y,y,y,y
CONFIG_MTK_COMBO,COMMON,,,y,y,y,y,y,y,y,y,y,y,y
CONFIG_MTK_COMBO_ANT,PROJECT,zhiguo.niu,new config in this commit 3413d51500ed33e5696cbfe6286d5b8617867b35,X,X,X,X,,X,X,X,X,O,
CONFIG_MTK_COMBO_BT,COMMON,Libin.Zang,,y,y,y,y,y,y,y,y,y,y,y
CONFIG_MTK_COMBO_CHIP_CONSYS_6580,PLATFORM,,,y,X,X,X,X,X,X,X,X,X,X
CONFIG_MTK_COMBO_CHIP_CONSYS_6735,PROJECT,zhiguo.niu,,X,y,O,y,,y,O,y,X,X,
CONFIG_MTK_COMBO_CHIP_CONSYS_6755,PLATFORM,cuicui.jia,,X,X,X,X,X,X,X,X,y,X,X
CONFIG_MTK_COMBO_CHIP_CONSYS_6757,PLATFORM,cuicui.jia,,X,X,X,X,y,X,X,X,X,X,y
CONFIG_MTK_COMBO_CHIP_CONSYS_6797,PLATFORM,jun.wu,,X,X,X,X,X,X,X,X,X,y,X
CONFIG_MTK_COMBO_GPS,PROJECT,zhiguo.niu,,O,y,O,y,,y,y,y,O,y,
CONFIG_MTK_COMBO_NAND_SUPPORT,PROJECT,chienwei.chang,,O,X,X,X,,X,X,X,X,X,
CONFIG_MTK_COMBO_WIFI,COMMON,sarah-cp.yang,,y,y,y,y,y,y,y,y,y,y,y
CONFIG_MTK_COMPAT,PLATFORM,yt.chang,,X,X,X,X,X,y,y,y,y,y,y
CONFIG_MTK_CONN_LTE_IDC_SUPPORT,PLATFORM,Heiping.Lei,new config in this commit 3413d51500ed33e5696cbfe6286d5b8617867b35,N,X,X,X,X,X,X,X,X,X,X
CONFIG_MTK_CONSUMER_PARTIAL_UPDATE_SUPPORT,PROJECT,weiguo.li,new config in this commit 13be5de93e0cafaa0c3fc5f5dc16aa86e0422208,X,X,X,X,,X,X,X,X,O,
CONFIG_MTK_CPU_TOPOLOGY,PLATFORM,,,X,X,X,y,y,X,X,y,y,y,y
CONFIG_MTK_CQDMA,PLATFORM,,,X,X,X,X,X,X,X,X,y,X,X
CONFIG_MTK_DEBUG_LATCH,PLATFORM,,,X,y,y,y,y,y,y,y,y,y,y
CONFIG_MTK_DEVAPC_DRIVER,COMMON,,,y,y,y,y,y,y,y,y,y,y,y
CONFIG_MTK_DEVINFO_DRIVER_V2,PLATFORM,miles.lin,new config in this commit 0060809f744101d19f1d4606a56ce0cd758801a8,X,X,X,X,y,X,X,X,X,X,y
CONFIG_MTK_DFD_INTERNAL_DUMP,PLATFORM,shun-chih.yu,new config in this commit 7eafd5acba56cd7ac2de590f4b4b303822a08d00,X,X,X,X,y,X,X,X,X,X,y
CONFIG_MTK_DHCPV6C_WIFI,PROJECT,changqing.sun,,y,y,y,y,,y,y,y,,,
CONFIG_MTK_DISABLE_POWER_ON_OFF_VOLTAGE_LIMITATION,PROJECT,menghui.lin,new config in this commit 6321904276499042c6c5d05746941980acaf5b2e,X,X,X,X,,X,X,X,O,O,
CONFIG_MTK_DISPLAY_120HZ_SUPPORT,PROJECT,otis.huang,new config in this commit a9f470e71a32907be7675e8887db0add7a2a5e81,X,X,X,X,,X,X,X,X,O,
CONFIG_MTK_DRAM_LOG_STORE,PROJECT,chunlei.wang,new config in this commit d4130eb073596c7b8ac8dc3b07835162b0fe6336,X,X,X,X,,X,X,X,X,O,
CONFIG_MTK_DRAM_LOG_STORE_ADDR,PROJECT,chunlei.wang,new config in this commit d4130eb073596c7b8ac8dc3b07835162b0fe6336,X,X,X,X,,X,X,X,X,O,
CONFIG_MTK_DRAM_LOG_STORE_SIZE,PROJECT,chunlei.wang,new config in this commit d4130eb073596c7b8ac8dc3b07835162b0fe6336,X,X,X,X,,X,X,X,X,O,
CONFIG_MTK_DRAMC,PLATFORM,,,X,y,y,y,y,y,y,y,y,y,y
CONFIG_MTK_DRAMC_PASR,PROJECT,chinwen.chang,new config in this commit 00e9766765130fe855b98b102a740f17d8b1119e,X,X,X,X,,X,X,X,X,O,
CONFIG_MTK_DRM_KEY_MNG_SUPPORT,PROJECT,wenjie.li,new config in this commit 041d27496b85b20ac1ce6c559ba9ae2de15a1a86,O,O,O,O,,O,O,O,O,O,
CONFIG_MTK_DUM_CHAR,PROJECT,chienwei.chang,,O,X,X,X,,X,X,X,X,X,
CONFIG_MTK_ECCCI_C2K,PROJECT,wenbo.ning,new config in this commit 53dd74ddebad6dd1d6c646f4f907945bfeb86f73,X,X,X,X,,X,X,X,O,O,
CONFIG_MTK_ECCCI_DRIVER,PLATFORM,chao.song,,X,y,y,y,y,y,y,y,y,y,y
CONFIG_MTK_EFUSE_DOWNGRADE,PROJECT,wn.chen,,X,O,O,X,,X,O,X,X,X,
CONFIG_MTK_EMBEDDED_BATTERY,PROJECT,weiching.lin,new config in this commit e4b85fb10d2ead2095830071962940c5e3554c91,X,X,X,X,,X,X,X,X,O,
CONFIG_MTK_EMI_BWL,COMMON,ahsin.chen,,X,X,X,X,X,X,X,X,X,X,X
CONFIG_MTK_EMI_D1P,PROJECT,ahsin.chen,,X,O,X,X,,O,X,X,X,X,
CONFIG_MTK_EMI_D2P,PROJECT,ahsin.chen,,X,X,O,X,,X,O,X,X,X,
CONFIG_MTK_EMI_MBW,PLATFORM,ahsin.chen,,N,X,X,X,X,X,X,X,X,X,X
CONFIG_MTK_EMI_MPU,COMMON,ahsin.chen,,X,X,X,X,X,X,X,X,X,X,X
CONFIG_MTK_EMMC_CACHE,PROJECT,weiping.zhang,,O,y,y,y,,y,y,y,y,O,
CONFIG_MTK_EMMC_CQ_SUPPORT,PROJECT,sophie.wang,new config in this commit ce3bff22fb846f2fad0552280d4bd580a95d28a6,X,X,X,X,,X,X,X,X,O,
CONFIG_MTK_EMMC_SUPPORT,PROJECT,weiping.zhang,,O,y,y,y,,y,y,y,y,y,
CONFIG_MTK_EMMC_SUPPORT_OTP,PROJECT,weiping.zhang,,X,X,O,X,,X,X,X,X,O,
CONFIG_MTK_ENABLE_MD2,COMMON,yanbin.ren,new config in this commit 9715b038cd89c33b3acb9a75a29652347cccc65c,X,X,X,X,X,X,X,X,X,X,X
CONFIG_MTK_USE_RESERVED_EXT_MEM,USER;PROJECT,chunhui.li,gmo project config,X,X,X,X,,X,X,X,X,X,
CONFIG_MTK_FAT_ON_NAND,PROJECT,chienwei.chang,,O,X,X,X,,X,X,X,X,X,
CONFIG_MTK_FB,COMMON,,,y,y,y,y,y,y,y,y,y,y,y
CONFIG_MTK_FINGERPRINT_SELECT,PROJECT,luhua.xu,new config in this commit ff5fd1753a830032f4c8a5d075c4b2de17e563bc,X,X,X,X,,X,X,X,X,O,
CONFIG_MTK_FINGERPRINT_SUPPORT,PROJECT,luhua.xu,new config in this commit ff5fd1753a830032f4c8a5d075c4b2de17e563bc,X,X,X,X,,X,X,X,X,O,
CONFIG_MTK_FLASHLIGHT,COMMON,,,y,y,y,y,y,y,y,y,y,y,y
CONFIG_MTK_FLASHLIGHT_USE_MODULE,PROJECT,wilson.fan,,X,X,O,X,X,X,X,X,X,X,X
CONFIG_MTK_FM,PROJECT,xueqin.wang,,y,y,y,y,,y,y,y,y,y,
CONFIG_MTK_FM_CHIP,PROJECT,xueqin.wang,,MT6580_FM,MT6625_FM,O,MT6625_FM,,MT6625_FM,MT6625_FM,MT6625_FM,MT6625_FM,MT6631_FM,
CONFIG_MTK_FM_SUPPORT,PROJECT,xueqin.wang,,y,y,O,y,,y,y,y,y,y,
CONFIG_MTK_FMRADIO,PROJECT,xueqin.wang,,y,y,y,y,,y,y,y,O,O,
CONFIG_MTK_FREQ_HOPPING,COMMON,,,y,y,y,y,y,y,y,y,y,y,y
CONFIG_MTK_FTRACE_DEFAULT_ENABLE,USER;PROJECT,neil.yang,,X,X,X,X,,X,X,X,X,X,
CONFIG_MTK_GAMEROTVECHUB,PROJECT,weiqi.fu,new config in this commit 6cf72299191fe832dffff96cd9233bcf981b52a0,X,X,X,X,,X,X,X,X,O,
CONFIG_MTK_GLGHUB,PROJECT,weiqi.fu,,X,X,X,X,,X,X,X,X,O,
CONFIG_MTK_GMAGROTVECHUB,PROJECT,weiqi.fu,new config in this commit 6cf72299191fe832dffff96cd9233bcf981b52a0,X,X,X,X,,X,X,X,X,O,
CONFIG_MTK_GMO_RAM_OPTIMIZE,PROJECT,jack.hsieh,,O,O,O,X,,X,X,X,O,X,
CONFIG_MTK_GPS_EMI,PROJECT,Heiping.Lei,new config in this commit 89e353c38891333cad5c752eedcd129440a5664b,X,X,X,X,,X,X,X,X,O,
CONFIG_MTK_GPS_REGISTER_SETTING,PROJECT,Heiping.Lei,new config in this commit bfc2f2ac84b4e959639353664279a181d4b095d8,X,X,X,X,,X,X,X,X,O,
CONFIG_MTK_GPS_SUPPORT,PROJECT,Heiping.Lei,,y,y,y,y,,y,y,y,y,y,
CONFIG_MTK_GPT_SCHEME_SUPPORT,PROJECT,jimin.wang,,O,y,y,y,,y,y,y,y,y,
CONFIG_MTK_GPU_COMMON_DVFS_SUPPORT,PLATFORM,Yu-fu.Kao,,X,y,y,y,y,y,y,y,y,y,y
CONFIG_MTK_GPU_SPM_DVFS_SUPPORT,COMMON,yu-fu.kao,new config in this commit 25c58375709ade9927b8c1efdd93b182c51a2d88,X,X,X,X,X,X,X,X,X,X,X
CONFIG_MTK_GPU_SUPPORT,PROJECT,victor.hsu,,y,y,y,y,,y,y,y,y,y,
CONFIG_MTK_GPU_VERSION,PROJECT,Yu-fu.Kao,type PROJECT should be PLATFORM,mali utgard,O,O,mali midgard r7p0_v2,,mali midgard r7p0_v2,mali midgard r7p0_v2,mali midgard r7p0_v2,mali midgard r7p0,,
CONFIG_MTK_GRAVITYHUB,PROJECT,weiqi.fu,new config in this commit 6cf72299191fe832dffff96cd9233bcf981b52a0,X,X,X,X,,X,X,X,X,O,
CONFIG_MTK_GYROHUB,PROJECT,weiqi.fu,new config in this commit ddc5d59450d236e7d3732ebd43a19c5056787cc0,X,X,X,X,,X,X,X,X,O,
CONFIG_MTK_HAFG_20,PROJECT,WeiChing.Lin,,X,X,O,X,,X,X,X,O,O,
CONFIG_MTK_HDMI_SUPPORT,PROJECT,junzhi.zhao,new config in this commit 8981f73cf7bc71472ded61c12aa2a21239e1f68b,X,X,X,X,,X,X,X,X,O,
CONFIG_MTK_HMDYHUB,PROJECT,weiqi.fu,new config in this commit ddc5d59450d236e7d3732ebd43a19c5056787cc0,X,X,X,X,,X,X,X,X,O,
CONFIG_MTK_HP_ANASWITCH,PROJECT,georgecy.lin,new config in this commit 378eb5b131260db917d022555fa920fa118ab3a1,X,X,X,X,X,X,X,X,y,X,X
CONFIG_MTK_HTS221,PROJECT,hongxu.zhao,new config in this commit 063ebd2dfda85d1c6ea1c0120c87fa93fc2570e8,X,X,X,X,,X,X,X,X,O,
CONFIG_MTK_HWMON,COMMON,,,y,y,y,y,y,y,y,y,y,y,y
CONFIG_MTK_HYBRID_CPU_DVFS,PROJECT,terry.chang,new config in this commit 62467ca4b7cfc47139e8ea15d5904c570f966fe8,X,X,X,X,,X,X,X,X,O,
CONFIG_MTK_ICM20645G,PROJECT,hongxu.zhao,new config in this commit 063ebd2dfda85d1c6ea1c0120c87fa93fc2570e8,X,X,X,X,,X,X,X,X,O,
CONFIG_MTK_ICM20645GY,PROJECT,hongxu.zhao,new config in this commit 063ebd2dfda85d1c6ea1c0120c87fa93fc2570e8,X,X,X,X,,X,X,X,X,O,
CONFIG_MTK_IMGSENSOR,COMMON,,,y,y,y,y,y,y,y,y,y,y,y
CONFIG_MTK_INPKHUB,PROJECT,qiangming.xia,new config in this commit e5afb39d5bc749c04142bb69e4f89131015320a6,X,X,X,X,,X,X,X,X,O,
CONFIG_MTK_ION,COMMON,youhua.li,new config in this commit 30f50f4e2f5b4c1996816cc4997e5c6b86d28386,y,y,y,y,y,y,y,y,y,y,y
CONFIG_MTK_IRAT_SUPPORT,PROJECT,anny.hu,,X,O,X,X,,O,X,X,O,O,
CONFIG_MTK_IRQ,PLATFORM,,,y,X,X,X,X,X,X,X,X,X,X
CONFIG_MTK_IRTX_SUPPORT,PROJECT,xiao.wang,,X,O,X,X,X,O,X,X,O,y,X
CONFIG_MTK_IRTX_PWM_SUPPORT,PROJECT,cheng-h.chen,,X,X,X,X,y,X,X,X,X,X,O
CONFIG_MTK_ITG1010_NEW,PLATFORM,Qiangming.Xia,,y,y,y,y,,y,y,y,X,X,
CONFIG_MTK_JEITA_STANDARD_SUPPORT,PROJECT,wy.chuang,,O,O,X,O,,X,O,X,O,O,
CONFIG_MTK_JPEG,PLATFORM,chrono.wu,,X,y,y,y,y,y,y,y,y,y,y
CONFIG_MTK_KERNEL_POWER_OFF_CHARGING,PROJECT,wy.chuang,,y,y,y,y,,y,y,y,y,y,
CONFIG_MTK_LASTBUS,PLATFORM,shun-chih.yu,(<NEW>new config in this commit 400891f7cb420e31bddedb7838201806da6fca25),X,X,X,X,X,X,X,X,y,y,X
CONFIG_MTK_LASTBUS_V2,PLATFORM,shun-chih.yu,new config in this commit 70642ef846065ab362d64bef9dd583400c95574c,X,X,X,X,X,X,X,X,X,X,X
CONFIG_MTK_LASTPC,PLATFORM,shun-chih.yu,,X,y,y,y,X,y,y,y,y,y,X
CONFIG_MTK_L2C_PARITY_CHECK,PLATFORM,shun-chih.yu,new config in this commit e6dca10296c4ff142f048f3acfd6860000863b9d,X,X,X,X,y,X,X,X,X,X,y
CONFIG_MTK_LASTPC_V2,PLATFORM,shun-chih.yu,new config in this commit c10f203ca842501de3b383fa96aff89de5d325ca,X,X,X,X,y,X,X,X,X,X,y
CONFIG_MTK_LCM,COMMON,,,y,y,y,y,y,y,y,y,y,y,y
CONFIG_MTK_LCM_DEVICE_TREE_SUPPORT,PROJECT,joey.pan,,X,X,X,X,,O,X,X,X,X,
CONFIG_MTK_LCM_PHYSICAL_ROTATION,PROJECT,k.zhang,,0,0,0,0,,0,0,0,0,0,
CONFIG_MTK_LCM_PHYSICAL_ROTATION_HW,PROJECT,k.zhang,new config in this commit bc9d4699ce3f9e687fbd71247a9c3ed3e7c6b5d5,X,X,X,X,,X,X,X,O,O,
CONFIG_MTK_LEDS,COMMON,,,y,y,y,y,y,y,y,y,y,y,y
CONFIG_MTK_LENS,COMMON,,,y,y,y,y,y,y,y,y,y,y,y
CONFIG_MTK_LENS_AD5820AF_SUPPORT,PROJECT,sam.hung,,y,y,y,y,O,O,y,y,y,y,O
CONFIG_MTK_LENS_AK7371AF_SUPPORT,PROJECT,sam.hung,,X,X,X,X,O,X,X,X,X,O,O
CONFIG_MTK_LENS_BU63165AF_SUPPORT,PROJECT,sam.hung,new config in this commit e9cf791d08830ec15ffd23d33d2b3757d40fe777,X,X,X,X,O,X,X,X,X,O,O
CONFIG_MTK_LENS_BU6424AF_SUPPORT,PROJECT,sam.hung,new config in this commit 4ba429dbf0ed272ef89e8754b562c2413c220c8a,X,X,X,X,O,X,X,X,y,O,O
CONFIG_MTK_LENS_BU6429AF_SUPPORT,PROJECT,sam.hung,new config in this commit 4ba429dbf0ed272ef89e8754b562c2413c220c8a,X,X,X,X,O,X,X,X,y,O,O
CONFIG_MTK_LENS_BU64745GWZAF_SUPPORT,PROJECT,sam.hung,,X,X,X,y,O,X,X,X,O,O,O
CONFIG_MTK_LENS_DUMMYLENS_SUPPORT,PROJECT,sam.hung,,y,y,y,y,O,O,y,y,y,y,O
CONFIG_MTK_LENS_DW9714AF_SUPPORT,PROJECT,sam.hung,,y,y,y,y,X,y,y,y,y,y,X
CONFIG_MTK_LENS_LC898122AF_SUPPORT,PROJECT,sam.hung,new config in this commit 4ba429dbf0ed272ef89e8754b562c2413c220c8a,X,X,X,X,O,X,X,X,O,X,O
CONFIG_MTK_LENS_LC898212AF_SUPPORT,PROJECT,sam.hung,,y,O,y,y,O,y,y,y,O,X,O
CONFIG_MTK_LENS_LC898212XDAF_SUPPORT,PROJECT,sam.hung,new config in this commit e9cf791d08830ec15ffd23d33d2b3757d40fe777,X,X,X,X,O,X,X,X,O,y,O
CONFIG_MTK_LENS_LC898214AF_SUPPORT,PROJECT,sam.hung,new config in this commit 9fa604a77fd23298843fa20e56bb898c7d36619b,X,X,X,X,O,X,X,X,O,X,O
CONFIG_MTK_LENS_USE_MODULE,PROJECT,sam.hung,,X,X,O,X,X,X,X,X,X,X,X
CONFIG_MTK_LINEARACCHUB,PROJECT,weiqi.fu,new config in this commit 6cf72299191fe832dffff96cd9233bcf981b52a0,X,X,X,X,,X,X,X,X,O,
CONFIG_MTK_LM_MODE,PROJECT,shun-chih.yu,new config in this commit eaa12506bc17f07afe7eee502e923741fdbcc7ff,X,X,X,X,,X,X,X,O,O,
CONFIG_MTK_LSM6DS3HG,PLATFORM,jy.lan,,X,X,X,X,y,X,X,X,X,X,y
CONFIG_MTK_LSM6DS3HGY,PLATFORM,jy.lan,,X,X,X,X,y,X,X,X,X,X,y
CONFIG_MTK_MAGHUB,PROJECT,weiqi.fu,new config in this commit ddc5d59450d236e7d3732ebd43a19c5056787cc0,X,X,X,X,,X,X,X,X,O,
CONFIG_MTK_MC3410_NEW,PLATFORM,Qiangming.Xia,,y,y,y,y,X,y,y,y,X,X,X
CONFIG_MTK_MD_SBP_CUSTOM_VALUE,PROJECT,yanbin.ren,,O,O,O,X,,O,O,X,O,O,
CONFIG_MTK_MD1_SUPPORT,PROJECT,yanbin.ren,,X,O,O,O,,O,O,5,O,O,
CONFIG_MTK_MD2_SBP_CUSTOM_VALUE,PLATFORM,yanbin.ren,,X,X,X,X,X,X,X,X,X,X,X
CONFIG_MTK_MD3_SUPPORT,PROJECT,yanbin.ren,,X,O,O,O,,O,O,2,O,O,
CONFIG_MTK_MEMCFG,USER,chinwen.chang,,X,X,X,X,X,X,X,X,X,X,X
CONFIG_MTK_MEMORY_LOWPOWER,PROJECT,Miles.Chen,Specific hardware,X,X,X,X,,O,X,X,X,X,
CONFIG_MTK_MET,COMMON,chengchang.wu,6755 32 bits not ready,y,y,y,y,y,y,y,y,y,y,y
CONFIG_MTK_MET_PLF,COMMON,chengchang.wu,6755 32 bits not ready,y,y,y,y,y,y,y,y,y,y,y
CONFIG_MTK_MJC_DRIVER,PLATFORM,easer.su,new config in this commit 669b19c5c1c997fe0e430fa5e7de77c0406acf41,X,X,X,X,X,X,X,X,X,y,X
CONFIG_MTK_MLC_NAND_SUPPORT,PROJECT,chienwei.chang,,O,X,X,X,,X,X,X,X,X,
CONFIG_MTK_MLOG,COMMON,Tehsin.Lin,,X,X,X,X,X,X,X,X,X,X,X
CONFIG_MTK_MMPROFILE_SUPPORT,COMMON,,project config should be common,y,y,y,y,y,y,y,y,y,y,y
CONFIG_MTK_MPU6515A,PLATFORM,lomen.wu,new config in this commit 4486d5ee565d38da91ef65fd3918a57aaa5263f2,X,X,X,X,,X,X,X,y,X,
CONFIG_MTK_MPU6515G,PLATFORM,lomen.wu,new config in this commit 4486d5ee565d38da91ef65fd3918a57aaa5263f2,X,X,X,X,,X,X,X,y,X,
CONFIG_MTK_MRDUMP_KEY,PROJECT,zh.chen,new config in this commit 64f3538db65d13898589d3462f61289152852490,X,X,X,X,y,X,X,X,O,y,y
CONFIG_MTK_MT6750TT,PROJECT,ichang.kuo,new config,X,X,X,X,X,X,X,X,O,X,X
CONFIG_MTK_MTD_NAND,PROJECT,chienwei.chang,,O,X,X,X,,X,X,X,X,X,
CONFIG_MTK_MUSB_QMU_SUPPORT,PLATFORM,,,X,y,y,y,y,y,y,y,y,y,y
CONFIG_MTK_NAND_BITFLIP,PROJECT,chienwei.chang,,O,X,X,X,,X,X,X,X,X,
CONFIG_MTK_NET_CCMNI,COMMON,,,X,X,X,X,X,X,X,X,X,X,X
CONFIG_MTK_NET_LOGGING,USER,changqing.sun,,X,X,X,X,X,X,X,X,X,X,X
CONFIG_MTK_NFC,PROJECT,Thomas-CH.Chen,gmo disable in 6b0092485617fb3b0aa804c45c6ffc86fb6c405c,X,y,O,y,,y,y,y,y,O,
CONFIG_MTK_OD_SUPPORT,PROJECT,yiruei.wu,120hz project only,X,X,X,X,,X,X,X,X,O,
CONFIG_MTK_AUDIO_TUNNELING_SUPPORT,PROJECT,Hsin-Yi.Chang,new config in this commit f23b551da1530a08af42299c2c9f900d1127b72c,X,X,X,X,X,X,X,X,X,O,X
CONFIG_MTK_AURISYS_PHONE_CALL_SUPPORT,PROJECT,harvey.huang,new config in this commit 84b8edd0a561f4c498e46acb2a702dd9fabf7447,X,X,X,X,X,X,X,X,X,O,X
CONFIG_MTK_PASR,PROJECT,chinwen.chang,new config in this commit 43265af4ab8d1e6dcfd3ca54cec75fa33a9fb564,X,X,X,X,,X,X,X,X,O,
CONFIG_MTK_PASSPOINT_R1_SUPPORT,PROJECT,zhiguo.niu,,X,X,X,X,,O,X,X,O,X,
CONFIG_MTK_PDRHUB,PROJECT,xuexi.bai,new config in this commit 3a2f062b1bd2f8919be2670ccbc84133a0af0bfd,X,X,X,X,,X,X,X,X,O,
CONFIG_MTK_PEDOHUB,PROJECT,weiqi.fu,new config in this commit 6cf72299191fe832dffff96cd9233bcf981b52a0,X,X,X,X,,X,X,X,X,O,
CONFIG_MTK_PERFMGR_TOUCH_BOOST,PROJECT,Ian-y.Chen,new config 43786717db098bca3f4db77be0893b4feeba8cc8,X,X,O,X,,X,X,X,X,X,
CONFIG_MTK_PICKUPHUB,PROJECT,weiqi.fu,,X,X,X,X,,X,X,X,X,O,
CONFIG_MTK_PLATFORM,PLATFORM,,project config should be platform,mt6580,mt6735,mt6735,mt6735,mt6757,mt6735,mt6735,mt6735,mt6755,mt6797,mt6757
CONFIG_MTK_PMIC_CHIP_MT6353,PROJECT,jimmy-yj.huang,,X,X,X,X,X,X,X,X,O,X,X
CONFIG_MTK_PMIC_NEW_ARCH,PROJECT,jimmy-yj.huang,,X,X,X,X,X,X,X,X,O,X,X
CONFIG_MTK_PSCI,PLATFORM,scott.shu,,X,X,X,X,X,y,y,y,y,y,y
CONFIG_MTK_PUMP_EXPRESS_PLUS_SUPPORT,PROJECT,wy.chuang,(<NEW>new config in this commit 0a8d9b64437012ca7ccadfe1338fa26d74f49b16),X,X,X,X,,X,X,X,O,y,
CONFIG_MTK_PUMP_EXPRESS_PLUS_20_SUPPORT,PROJECT,elvin.lin,,X,X,X,X,,X,X,X,X,X,
CONFIG_MTK_PUMP_EXPRESS_SUPPORT,PROJECT,elvin.lin,,O,O,O,O,,X,O,X,X,X,
CONFIG_MTK_PWM,PROJECT,qiangming.xia,not required if not used,y,y,y,y,,y,y,y,y,y,
CONFIG_MTK_RAM_CONSOLE,COMMON,Ji.Zhang,,y,y,y,y,y,y,y,y,y,y,y
CONFIG_MTK_RAM_CONSOLE_ADDR,PLATFORM,Ji.Zhang,,0xF912D000,0xF912D000,0xF912D000,0xF912D000,0x0011D000,0xF912D000,0xF912D000,0xF912D000,0x0011D000,0x0012D000,0x0011D000
CONFIG_MTK_RAM_CONSOLE_DRAM_ADDR,PLATFORM,Ji.Zhang,,0x83F00000,0x43F00000,0x43F00000,0x43F00000,0x44400000,0x43F00000,0x43F00000,0x43F00000,0x44400000,0x44400000,0x44400000
CONFIG_MTK_RAM_CONSOLE_DRAM_SIZE,COMMON,Ji.Zhang,,0x10000,0x10000,0x10000,0x10000,0x10000,0x10000,0x10000,0x10000,0x10000,0x10000,0x10000
CONFIG_MTK_RAM_CONSOLE_SIZE,PLATFORM,Ji.Zhang,,0x3000,0x3000,0x3000,0x3000,0x800,0x3000,0x3000,0x3000,0xc00,0xc00,0x800
CONFIG_MTK_RAM_CONSOLE_USING_DRAM,PLATFORM,Ji.Zhang,,y,y,y,y,X,y,y,y,X,X,X
CONFIG_MTK_RAM_CONSOLE_USING_SRAM,PLATFORM,ji.zhang,new config in this commit 5ea1bbd49287ac7cd3a31ab1632c4835ac6a71ad,X,X,X,X,y,X,X,X,y,y,y
CONFIG_MTK_ROOT_TRACE,USER;PROJECT,colin.lee,customer may set this in user load; a white list must be set before,X,X,X,X,,X,X,X,X,X,
CONFIG_MTK_ROTATVECHUB,PROJECT,hongxu.zhao,new config in this commit bd8b67170550fbf1f721310116ae26ced96105a6,X,X,X,X,,X,X,X,X,O,
CONFIG_MTK_RRC_SUPPORT,PROJECT,otis.huang,new config in this commit a9f470e71a32907be7675e8887db0add7a2a5e81,X,X,X,X,,X,X,X,X,O,
CONFIG_MTK_RT9468_SUPPORT,PROJECT,vend_shufan_lee001,new config in this commit abba073794b7f1cf5e6b279c9126658285ce392f,X,X,X,X,O,X,X,X,X,X,O
CONFIG_MTK_RTC,COMMON,,,y,y,y,y,y,y,y,y,y,y,y
CONFIG_MTK_SCHED_CMP,PLATFORM,yt.chang,,X,X,X,y,y,X,X,y,y,y,y
CONFIG_MTK_SCHED_CMP_TGS,PLATFORM,yt.chang,,X,X,X,y,y,X,X,y,y,y,y
CONFIG_MTK_SCHED_CMP_TGS_WAKEUP,PLATFORM,yt.chang,,X,X,X,y,y,X,X,y,y,y,y
CONFIG_MTK_SCHED_RQAVG_KS,COMMON,,,y,y,y,y,y,y,y,y,y,y,y
CONFIG_MTK_SCHED_RQAVG_US,COMMON,,,y,y,y,y,y,y,y,y,y,y,y
CONFIG_MTK_SCHED_TRACERS,COMMON,,,y,y,y,y,y,y,y,y,y,y,y
CONFIG_MTK_SCP_SENSORHUB_V1,PROJECT,weiqi.fu,new config in this commit ddc5d59450d236e7d3732ebd43a19c5056787cc0,X,X,X,X,,X,X,X,X,O,
CONFIG_MTK_SEC_MODEM_NVRAM_ANTI_CLONE,PLATFORM,pangyen.chen,project config should be platform 6755 modem implement this function,y,y,y,y,X,y,y,y,X,X,X
CONFIG_MTK_SEC_VIDEO_PATH_SUPPORT,PROJECT,fy.yang,,X,X,X,X,,O,X,X,O,O,
CONFIG_MTK_SECURITY_SW_SUPPORT,COMMON,Maoyuan.Weng,default y enable in 1faa87778d595b421ee71871d0edab00154309a3,X,X,X,X,X,X,X,X,X,X,X
CONFIG_MTK_SELINUX_AEE_WARNING,USER;PROJECT,colin.lee,new config in this commit 569e37b259c48a72f358131ea72b69da512ea010,X,X,X,X,,X,X,X,X,X,
CONFIG_MTK_SENSOR_HUB_SUPPORT,PROJECT,yue.wu,,X,X,X,X,,X,X,X,X,O,
CONFIG_MTK_SENSOR_SUPPORT,PROJECT,qiangming.xia,,y,y,y,y,,y,y,y,y,y,
CONFIG_MTK_SENSORS_1_0,PROJECT,yue.wu,,y,y,y,y,,y,y,y,y,y,
CONFIG_MTK_SHARED_SDCARD,PROJECT,sophie.wang,,O,O,y,y,,y,y,y,y,O,
CONFIG_MTK_SIB_USB_SWITCH,PLATFORM,vincent.fan,new config in this commit 4e7b3b33656594a05148a103f8e6a83ee5ad25f7,X,X,X,X,y,X,X,X,y,y,y
CONFIG_MTK_SIM_LOCK_POWER_ON_WRITE_PROTECT,PROJECT,yanbin.ren,new config in this commit 6ebd8f9b343a9925e51161cef20c78c0c797d19c,X,X,X,X,,O,X,O,O,X,
CONFIG_MTK_SLC_BUFFER_SUPPORT,PROJECT,isaac.lee,new config in this commit ae5dc71d9ef6ebac8e6d05c6ce48ba26c40e4f7d,O,X,X,X,,X,X,X,X,X,
CONFIG_MTK_SM100,PROJECT,qiyuan.song,new config in this commit 3d29631334b2361b7b4596ebe73e6414b64907dc,X,X,X,X,,X,X,X,X,O,
CONFIG_MTK_SMART_BATTERY,COMMON,Henry.Chen,,y,y,y,y,y,y,y,y,y,y,y
CONFIG_MTK_SMI_EXT,COMMON,kendrick.hsu,,y,y,y,y,y,y,y,y,y,y,y
CONFIG_MTK_SND_SOC_NEW_ARCH,PLATFORM,Chien-Wei.hsu,new config in this commit Id1263ee35209bb47f72e3e37cc57fa82d52c036f,X,X,X,X,y,X,X,X,X,X,y
CONFIG_MTK_SPEAKER,PROJECT,georgecy.lin,,y,y,y,y,X,y,y,y,X,X,X
CONFIG_MTK_SPI,COMMON,lomen.wu,,y,y,y,y,y,y,y,y,y,y,y
CONFIG_MTK_SPKGPIO_REWORK,PROJECT,georgecy.lin,new config in this commit 378eb5b131260db917d022555fa920fa118ab3a1,X,X,X,X,X,X,X,X,y,X,X
CONFIG_MTK_STATHUB,PROJECT,qiangming.xia,new config in this commit e5afb39d5bc749c04142bb69e4f89131015320a6,X,X,X,X,,X,X,X,X,O,
CONFIG_MTK_STEPSIGNHUB,PROJECT,hongxu.zhao,new config in this commit 5d3fd154d89af1a6fdf1dcf1963d1595834933de,X,X,X,X,,X,X,X,X,O,
CONFIG_MTK_SVP,PROJECT,tehsin.lin,new config in this commit 127c1a282ad9be25750ea4a3fb5b64324301b7f3,X,X,X,X,,X,X,X,O,O,
CONFIG_MTK_SVP_RAM_SIZE,PROJECT,tehsin.lin,new config in this commit 127c1a282ad9be25750ea4a3fb5b64324301b7f3,X,X,X,X,,X,X,X,O,O,
CONFIG_MTK_SYNC,COMMON,,,y,y,y,y,y,y,y,y,y,y,y
CONFIG_MTK_SYSENV,PROJECT,ying.jiang,,O,y,y,y,,y,y,y,y,O,
CONFIG_MTK_TC1_FEATURE,PROJECT,teddy.seo,,X,X,O,X,,X,X,X,X,X,
CONFIG_MTK_THERMAL_PA_VIA_ATCMD,PROJECT,ethan.chang,,y,y,y,y,,y,y,y,y,y,
CONFIG_MTK_TILTDETECTHUB,PROJECT,weiqi.fu,,X,X,X,X,,X,X,X,X,O,
CONFIG_MTK_TINYSYS_SCP_SUPPORT,PROJECT,ts.kuo,new config in this commit a093c6e6d759ab57ff80b7553294c2a02c04a522,X,X,X,X,,X,X,X,X,O,
CONFIG_MTK_TLC_NAND_SUPPORT,PROJECT,chienwei.chang,TLC nand project only,X,X,X,X,,X,X,X,X,X,
CONFIG_MTK_TUI_RAM_SIZE,PROJECT,tehsin.lin,new config in this commit 127c1a282ad9be25750ea4a3fb5b64324301b7f3,X,X,X,X,,X,X,X,X,O,
CONFIG_MTK_UART_USB_SWITCH,PROJECT,yu-chang.wang,,X,X,O,X,,O,X,X,X,X,
CONFIG_MTK_UNCALI_GYROHUB,PROJECT,weiqi.fu,new config in this commit 6cf72299191fe832dffff96cd9233bcf981b52a0,X,X,X,X,,X,X,X,X,O,
CONFIG_MTK_UNCALI_MAGHUB,PROJECT,weiqi.fu,new config in this commit 6cf72299191fe832dffff96cd9233bcf981b52a0,X,X,X,X,,X,X,X,X,O,
CONFIG_MTK_USB2JTAG_SUPPORT,PLATFORM,shun-chih.yu,only D1 support,X,y,y,X,X,y,y,X,X,X,X
CONFIG_MTK_VIBRATOR,COMMON,luhua.xu,,y,y,y,y,y,y,y,y,y,y,y
CONFIG_MTK_VIDEOCODEC_DRIVER,COMMON,Tofar.Huang,,y,y,y,y,y,y,y,y,y,y,y
CONFIG_MTK_VIDEOX,COMMON,,,y,y,y,y,y,y,y,y,y,y,y
CONFIG_MTK_VOW_SUPPORT,PROJECT,che-jui.chang,new config in this commit a98a2d4db76d5afef19676fe44e8eb2375f44543,X,X,X,X,,X,X,X,X,O,
CONFIG_MTK_WAKEHUB,PROJECT,qiangming.xia,,X,X,X,X,,X,X,X,X,O,
CONFIG_MTK_WAPI_SUPPORT,PROJECT,zhiguo.niu,,O,X,O,X,,X,N,X,X,X,
CONFIG_MTK_WATCHPOINT,PLATFORM,,,X,y,y,y,y,y,y,y,y,y,y
CONFIG_MTK_WQ_DEBUG,USER,,,X,X,X,X,X,X,X,X,X,X,X
CONFIG_MTK_YAS532_NEW,PROJECT,lomen.wu,new config in this commit 4486d5ee565d38da91ef65fd3918a57aaa5263f2,X,X,X,X,,X,X,X,y,X,
CONFIG_MTPROF,COMMON,,,y,y,y,y,y,y,y,y,y,y,y
CONFIG_MTPROF_CPUTIME,COMMON,Neil.Yang,disable legacy config,X,X,X,X,X,X,X,X,X,X,X
CONFIG_MU3_PHY,PLATFORM,vincent.fan,new config in this commit 9c994a5422e4766902530dd5802569f681162b20,X,X,X,X,y,X,X,X,y,y,y
CONFIG_NANOHUB_MTK_IPI,PROJECT,gaia.chang,,X,X,X,X,,X,X,X,X,O,
CONFIG_NANOHUB,PROJECT,gaia.chang,,X,X,X,X,,X,X,X,X,O,
CONFIG_NEON,PLATFORM,,,y,y,y,y,y,X,X,X,X,X,X
CONFIG_NET,COMMON,,,y,y,y,y,y,y,y,y,y,y,y
CONFIG_NET_ACT_IPT,COMMON,,,y,y,y,y,y,y,y,y,y,y,y
CONFIG_NET_ACT_MIRRED,COMMON,,,y,y,y,y,y,y,y,y,y,y,y
CONFIG_NET_ACT_POLICE,COMMON,,,y,y,y,y,y,y,y,y,y,y,y
CONFIG_NET_CLS_ACT,COMMON,,,y,y,y,y,y,y,y,y,y,y,y
CONFIG_NET_CLS_FLOW,COMMON,,,y,y,y,y,y,y,y,y,y,y,y
CONFIG_NET_CLS_FW,COMMON,,,y,y,y,y,y,y,y,y,y,y,y
CONFIG_NET_CLS_IND,COMMON,,,y,y,y,y,y,y,y,y,y,y,y
CONFIG_NET_CLS_U32,COMMON,,,y,y,y,y,y,y,y,y,y,y,y
CONFIG_NET_IPIP,COMMON,,,y,y,y,y,y,y,y,y,y,y,y
CONFIG_NET_KEY,COMMON,,,y,y,y,y,y,y,y,y,y,y,y
CONFIG_NET_SCH_HTB,COMMON,,,y,y,y,y,y,y,y,y,y,y,y
CONFIG_NET_SCH_INGRESS,COMMON,,,y,y,y,y,y,y,y,y,y,y,y
CONFIG_NET_SCHED,COMMON,,,y,y,y,y,y,y,y,y,y,y,y
CONFIG_NETDEVICES,COMMON,,,y,y,y,y,y,y,y,y,y,y,y
CONFIG_NETFILTER,COMMON,,,y,y,y,y,y,y,y,y,y,y,y
CONFIG_NETFILTER_XT_CONNMARK,COMMON,,,X,X,X,X,X,X,X,X,X,X,X
CONFIG_NETFILTER_XT_MATCH_CONNBYTES,COMMON,,,y,y,y,y,y,y,y,y,y,y,y
CONFIG_NETFILTER_XT_MATCH_IPRANGE,COMMON,,,y,y,y,y,y,y,y,y,y,y,y
CONFIG_NETFILTER_XT_MATCH_LENGTH,COMMON,,,y,y,y,y,y,y,y,y,y,y,y
CONFIG_NETFILTER_XT_MATCH_LIMIT,COMMON,,,y,y,y,y,y,y,y,y,y,y,y
CONFIG_NETFILTER_XT_MATCH_MAC,COMMON,,,y,y,y,y,y,y,y,y,y,y,y
CONFIG_NETFILTER_XT_MATCH_MARK,COMMON,,,y,y,y,y,y,y,y,y,y,y,y
CONFIG_NETFILTER_XT_MATCH_MULTIPORT,COMMON,,,y,y,y,y,y,y,y,y,y,y,y
CONFIG_NETFILTER_XT_MATCH_PHYSDEV,COMMON,,,y,y,y,y,y,y,y,y,y,y,y
CONFIG_NETFILTER_XT_MATCH_POLICY,COMMON,,,y,y,y,y,y,y,y,y,y,y,y
CONFIG_NETFILTER_XT_MATCH_QTAGUID,COMMON,,,y,y,y,y,y,y,y,y,y,y,y
CONFIG_NETFILTER_XT_MATCH_QUOTA,COMMON,,,y,y,y,y,y,y,y,y,y,y,y
CONFIG_NETFILTER_XT_MATCH_QUOTA2,COMMON,,,y,y,y,y,y,y,y,y,y,y,y
CONFIG_NETFILTER_XT_MATCH_QUOTA2_LOG,COMMON,kang.ouyang,,y,y,y,y,y,y,y,y,y,y,y
CONFIG_NETFILTER_XT_MATCH_REALM,COMMON,,,y,y,y,y,y,y,y,y,y,y,y
CONFIG_NETFILTER_XT_MATCH_RECENT,COMMON,,,y,y,y,y,y,y,y,y,y,y,y
CONFIG_NETFILTER_XT_MATCH_SOCKET,COMMON,,,y,y,y,y,y,y,y,y,y,y,y
CONFIG_NETFILTER_XT_MATCH_STATE,COMMON,,,y,y,y,y,y,y,y,y,y,y,y
CONFIG_NETFILTER_XT_MATCH_STATISTIC,COMMON,,,y,y,y,y,y,y,y,y,y,y,y
CONFIG_NETFILTER_XT_MATCH_STRING,COMMON,,,y,y,y,y,y,y,y,y,y,y,y
CONFIG_NETFILTER_XT_MATCH_TCPMSS,COMMON,,,y,y,y,y,y,y,y,y,y,y,y
CONFIG_NETFILTER_XT_MATCH_TIME,COMMON,,,y,y,y,y,y,y,y,y,y,y,y
CONFIG_NETFILTER_XT_MATCH_U32,COMMON,,,y,y,y,y,y,y,y,y,y,y,y
CONFIG_NETFILTER_XT_TARGET_CLASSIFY,COMMON,,,y,y,y,y,y,y,y,y,y,y,y
CONFIG_NETFILTER_XT_TARGET_IDLETIMER,COMMON,,,y,y,y,y,y,y,y,y,y,y,y
CONFIG_NETFILTER_XT_TARGET_MARK,COMMON,,,y,y,y,y,y,y,y,y,y,y,y
CONFIG_NETFILTER_XT_TARGET_NFLOG,COMMON,,,y,y,y,y,y,y,y,y,y,y,y
CONFIG_NETFILTER_XT_TARGET_NFQUEUE,COMMON,,,y,y,y,y,y,y,y,y,y,y,y
CONFIG_NETFILTER_XT_TARGET_TCPMSS,COMMON,,,y,y,y,y,y,y,y,y,y,y,y
CONFIG_NETWORK_FILESYSTEMS,COMMON,linger.lee,,N,N,N,N,N,N,N,N,N,N,N
CONFIG_NEW_LEDS,COMMON,,,y,y,y,y,y,y,y,y,y,y,y
CONFIG_NF_CONNTRACK,COMMON,,,y,y,y,y,y,y,y,y,y,y,y
CONFIG_NF_CONNTRACK_EVENTS,COMMON,,,y,y,y,y,y,y,y,y,y,y,y
CONFIG_NF_CONNTRACK_FTP,COMMON,,,y,y,y,y,y,y,y,y,y,y,y
CONFIG_NF_CONNTRACK_IPV4,COMMON,,,y,y,y,y,y,y,y,y,y,y,y
CONFIG_NF_CONNTRACK_IPV6,COMMON,,,y,y,y,y,y,y,y,y,y,y,y
CONFIG_NF_CONNTRACK_PPTP,COMMON,,,y,y,y,y,y,y,y,y,y,y,y
CONFIG_NF_CONNTRACK_SIP,COMMON,kang.ouyang,android recommend not enable. enable this may result in sip packet more than 1538 test fail,X,X,X,X,X,X,X,X,X,X,X
CONFIG_NF_CONNTRACK_TFTP,COMMON,,,y,y,y,y,y,y,y,y,y,y,y
CONFIG_NF_CT_NETLINK,COMMON,,,y,y,y,y,y,y,y,y,y,y,y
CONFIG_NF_CT_PROTO_UDPLITE,COMMON,,,y,y,y,y,y,y,y,y,y,y,y
CONFIG_NFC,COMMON,thomas-ch.chen,we use CONFIG_MTK_NFC,X,X,X,X,X,X,X,X,X,X,X
CONFIG_NFC_MT6605,PROJECT,thomas-ch.chen,,X,y,X,X,,y,O,y,O,O,
CONFIG_NL80211_TESTMODE,COMMON,,,y,y,y,y,y,y,y,y,y,y,y
CONFIG_NLS_ASCII,COMMON,,,y,y,y,y,y,y,y,y,y,y,y
CONFIG_NLS_CODEPAGE_437,COMMON,,,y,y,y,y,y,y,y,y,y,y,y
CONFIG_NLS_CODEPAGE_950,COMMON,,,y,y,y,y,y,y,y,y,y,y,y
CONFIG_NLS_ISO8859_1,COMMON,,,y,y,y,y,y,y,y,y,y,y,y
CONFIG_NLS_UTF8,COMMON,,,y,y,y,y,y,y,y,y,y,y,y
CONFIG_NO_HZ,COMMON,,,y,y,y,y,y,y,y,y,y,y,y
CONFIG_NOP_USB_XCEIV,COMMON,,,y,y,y,y,y,y,y,y,y,y,y
CONFIG_NR_CPUS,PLATFORM,scott.shu,,8,8,8,8,8,8,8,8,8,10,8
CONFIG_ONEKEY_REBOOT_NORMAL_MODE,PROJECT,Elvin.Lin,,O,X,X,X,,X,X,X,O,X,
CONFIG_ONEKEY_REBOOT_OTHER_MODE,PROJECT,Elvin.Lin,,O,X,X,X,,X,X,X,O,X,
CONFIG_OPROFILE,USER;PLATFORM,,,X(USER),X(USER),X(USER),X(USER),X(USER),X(PLATFORM),X(PLATFORM),X(PLATFORM),X(PLATFORM),X(PLATFORM),X(PLATFORM)
CONFIG_PACKET,COMMON,,,y,y,y,y,y,y,y,y,y,y,y
CONFIG_PANIC_ON_OOPS,COMMON,,,y,y,y,y,y,y,y,y,y,y,y
CONFIG_PANIC_TIMEOUT,USER,,,1,1,1,1,1,1,1,1,1,1,1
CONFIG_PHYS_OFFSET,PLATFORM,miles.chen,,0x80000000,0x40000000,0x40000000,0x40000000,0x40000000,X,X,X,X,X,X
CONFIG_PKCS7_MESSAGE_PARSER,PROJECT,pangyen.chen,,X,X,X,X,X,X,X,X,X,X,X
CONFIG_PKCS7_TEST_KEY,PROJECT,pangyen.chen,,X,X,X,X,X,X,X,X,X,X,X
CONFIG_PM_AUTOSLEEP,COMMON,,,y,y,y,y,y,y,y,y,y,y,y
CONFIG_PM_WAKELOCKS,COMMON,,,y,y,y,y,y,y,y,y,y,y,y
CONFIG_POWER_EXT,PROJECT,,,x,x,x,x,x,x,x,x,x,x,x
CONFIG_POWER_RESET,PLATFORM,,,y,y,y,y,X,X,X,X,X,X,X
CONFIG_POWER_SUPPLY,PLATFORM,,,y,y,y,y,X,X,X,X,X,X,X
CONFIG_PPP,COMMON,,,y,y,y,y,y,y,y,y,y,y,y
CONFIG_PPP_ASYNC,COMMON,,,y,y,y,y,y,y,y,y,y,y,y
CONFIG_PPP_BSDCOMP,COMMON,,,y,y,y,y,y,y,y,y,y,y,y
CONFIG_PPP_DEFLATE,COMMON,,,y,y,y,y,y,y,y,y,y,y,y
CONFIG_PPP_FILTER,COMMON,,,y,y,y,y,y,y,y,y,y,y,y
CONFIG_PPP_MPPE,COMMON,,,y,y,y,y,y,y,y,y,y,y,y
CONFIG_PPP_MULTILINK,COMMON,,,y,y,y,y,y,y,y,y,y,y,y
CONFIG_PPP_SYNC_TTY,COMMON,,,y,y,y,y,y,y,y,y,y,y,y
CONFIG_PPPOE,COMMON,,,y,y,y,y,y,y,y,y,y,y,y
CONFIG_PPPOLAC,COMMON,,,y,y,y,y,y,y,y,y,y,y,y
CONFIG_PPPOPNS,COMMON,,,y,y,y,y,y,y,y,y,y,y,y
CONFIG_PREEMPT,COMMON,,,y,y,y,y,y,y,y,y,y,y,y
CONFIG_PREEMPT_MONITOR,USER;PROJECT,may.huang,,X(USER),X(USER),X(USER),X(USER),X(USER),X(USER),X(USER),O(USER;PROJECT),X(USER),X(USER),X(USER)
CONFIG_PRINTK_TIME,COMMON,,,y,y,y,y,y,y,y,y,y,y,y
CONFIG_PROFILING,COMMON,,,y,y,y,y,y,y,y,y,y,y,y
CONFIG_PROJECT_PHY,PLATFORM,Vincent.Fan,,X,X,X,X,y,X,X,X,y,y,y
CONFIG_PROVE_LOCKING,USER,,,X,X,X,X,X,X,X,X,X,X,X
CONFIG_PSTORE,COMMON,,,y,y,y,y,y,y,y,y,y,y,y
CONFIG_PSTORE_CONSOLE,COMMON,,,y,y,y,y,y,y,y,y,y,y,y
CONFIG_PSTORE_CONSOLE_SIZE,PLATFORM,,,0x10000,0x10000,0x10000,0x10000,0x10000,0x10000,0x10000,0x10000,0x40000,0x10000,0x10000
CONFIG_PSTORE_MEM_ADDR,PLATFORM,,,0x83F10000,0x43F10000,0x43F10000,0x43F10000,0x44410000,0x43F10000,0x43F10000,0x43F10000,0x44410000,0x44410000,0x44410000
CONFIG_PSTORE_MEM_SIZE,COMMON,,,0xe0000,0xe0000,0xe0000,0xe0000,0xe0000,0xe0000,0xe0000,0xe0000,0xe0000,0xe0000,0xe0000
CONFIG_PSTORE_PMSG,COMMON,,,y,y,y,y,y,y,y,y,y,y,y
CONFIG_PSTORE_PMSG_SIZE,COMMON,,,0x10000,0x10000,0x10000,0x10000,0x10000,0x10000,0x10000,0x10000,0x10000,0x10000,0x10000
CONFIG_PSTORE_RAM,COMMON,,,y,y,y,y,y,y,y,y,y,y,y
CONFIG_QFMT_V2,COMMON,,,y,y,y,y,y,y,y,y,y,y,y
CONFIG_QUOTA,COMMON,Unused,,y,y,y,y,y,y,y,y,y,y,y
CONFIG_RAWFS_FS,PROJECT,perry.hsu,,O,X,X,X,,X,X,X,X,X,
CONFIG_RCU_CPU_STALL_TIMEOUT,COMMON,,,60,60,60,60,60,60,60,60,60,60,60
CONFIG_RCU_FANOUT,PLATFORM,,,X,X,X,X,X,32,32,32,32,32,32
CONFIG_RCU_TRACE,USER,,,X,X,X,X,X,X,X,X,X,X,X
CONFIG_REGULATOR,COMMON,,,y,y,y,y,y,y,y,y,y,y,y
CONFIG_RESOURCE_COUNTERS,PROJECT,Chinwen.Chang,,X,y,y,y,O,y,y,y,y,y,O
CONFIG_RT7207_ADAPTER,PROJECT,vend_jeff_chang001,new config at this commit ebc855c95fb2bdff04b66d63675dbac9387577a8,X,X,X,X,O,X,X,X,X,X,O
CONFIG_RT_GROUP_SCHED,COMMON,,,y,y,y,y,y,y,y,y,y,y,y
CONFIG_RT_REGMAP,PROJECT,vend_jeff_chang001,new config at this commit ebc855c95fb2bdff04b66d63675dbac9387577a8,X,X,X,X,O,X,X,X,X,X,O
CONFIG_RTC_CLASS,COMMON,,,y,y,y,y,y,y,y,y,y,y,y
CONFIG_RTC_SYSTOHC,COMMON,,,N,N,N,N,N,N,N,N,N,N,N
CONFIG_SCHED_HMP,PLATFORM,yt.chang,new config in this commit 1d29c1469e7c1f7b410b1694eff82ee1376d3933,X,X,X,X,y,X,X,X,y,y,y
CONFIG_SCHED_HMP_PLUS,PLATFORM,yt.chang,new config in this commit 1d29c1469e7c1f7b410b1694eff82ee1376d3933,X,X,X,X,y,X,X,X,y,y,y
CONFIG_SCHED_HMP_PRIO_FILTER,PLATFORM,yt.chang,new config in this commit 0e2cffeb01092130458a18da72a2d8f205d0e278,X,X,X,X,y,X,X,X,y,y,y
CONFIG_SCHED_MC,PLATFORM,yt.chang,,X,X,X,y,y,X,X,y,y,y,y
CONFIG_SCHEDSTATS,COMMON,,,y,y,y,y,y,y,y,y,y,y,y
CONFIG_SCSI,COMMON,,,y,y,y,y,y,y,y,y,y,y,y
CONFIG_SCSI_LOWLEVEL,COMMON,,,N,N,N,N,N,N,N,N,N,N,N
CONFIG_SCSI_SCAN_ASYNC,COMMON,,,y,y,y,y,y,y,y,y,y,y,y
CONFIG_SDCARD_FS,PROJECT,perry.hsu,new config in this commit f8cb18613009e6d05030b8866b8347ee5fddbdf4,X,X,X,X,X,X,X,X,O,X,X
CONFIG_SECCOMP,COMMON,,,y,y,y,y,y,y,y,y,y,y,y
CONFIG_SECURITY,COMMON,,,y,y,y,y,y,y,y,y,y,y,y
CONFIG_SECURITY_NETWORK,COMMON,,,y,y,y,y,y,y,y,y,y,y,y
CONFIG_SECURITY_SELINUX,COMMON,,,y,y,y,y,y,y,y,y,y,y,y
CONFIG_SECURITY_SELINUX_BOOTPARAM,COMMON,,,y,y,y,y,y,y,y,y,y,y,y
CONFIG_SERIO,COMMON,Unused,,N,N,N,N,N,N,N,N,N,N,N
CONFIG_SETEND_EMULATION,PLATFORM,,,X,X,X,X,X,y,y,y,y,y,y
CONFIG_SLUB_DEBUG,USER;PROJECT,miles.chen,gmo project config,X,X,X,X,,X,X,X,N,X,
CONFIG_SLUB_DEBUG_ON,USER;PROJECT,miles.chen,gmo project config,X,X,X,X,,X,X,X,X,X,
CONFIG_SND,COMMON,,,y,y,y,y,y,y,y,y,y,y,y
CONFIG_SND_ARM,PLATFORM,,,N,N,X,X,X,X,X,X,X,X,X
CONFIG_SND_DEBUG,COMMON,,,y,y,y,y,y,y,y,y,y,y,y
CONFIG_SND_DEBUG_VERBOSE,COMMON,,,y,y,y,y,y,y,y,y,y,y,y
CONFIG_SND_DYNAMIC_MINORS,COMMON,,,y,y,y,y,y,y,y,y,y,y,y
CONFIG_SND_HRTIMER,PROJECT,,,O,X,y,y,,y,y,y,y,y,
CONFIG_SND_MIXER_OSS,PROJECT,georgecy.lin,,y,y,y,y,y,y,y,y,y,y,y
CONFIG_SND_PCM_OSS,PROJECT,georgecy.lin,,y,y,y,y,y,y,y,y,y,y,y
CONFIG_SND_PCM_XRUN_DEBUG,COMMON,,,y,y,y,y,y,y,y,y,y,y,y
CONFIG_SND_SEQ_DUMMY,PROJECT,,,O,y,y,y,,y,y,y,,y,
CONFIG_SND_SEQUENCER,COMMON,,,y,y,y,y,y,y,y,y,y,y,y
CONFIG_SND_SEQUENCER_OSS,COMMON,,,y,y,y,y,y,y,y,y,y,y,y
CONFIG_SND_SIMPLE_CARD,COMMON,,,y,y,y,y,y,y,y,y,y,y,y
CONFIG_SND_SOC,COMMON,,,y,y,y,y,y,y,y,y,y,y,y
CONFIG_SND_SOC_MAX98926 ,PROJECT,chipeng.chang,new config in this commit 4ba429dbf0ed272ef89e8754b562c2413c220c8a,X,X,X,X,,X,X,X,X,O,
CONFIG_SND_SOC_RT5509,PROJECT,shane.chien,,X,X,X,X,O,X,X,X,X,X,O
CONFIG_SND_SPI,COMMON,,,N,N,N,N,N,N,N,N,N,N,N
CONFIG_SND_USB_AUDIO,COMMON,,,y,y,y,y,y,y,y,y,y,y,y
CONFIG_SND_VERBOSE_PRINTK,COMMON,,,y,y,y,y,y,y,y,y,y,y,y
CONFIG_SOUND,COMMON,,,y,y,y,y,y,y,y,y,y,y,y
CONFIG_SOUND_PRIME,COMMON,,,y,y,y,y,y,y,y,y,y,y,y
CONFIG_SPI,COMMON,,,y,y,y,y,y,y,y,y,y,y,y
CONFIG_STAGING,COMMON,,,y,y,y,y,y,y,y,y,y,y,y
CONFIG_SW_SYNC,COMMON,,,y,y,y,y,y,y,y,y,y,y,y
CONFIG_SW_SYNC_USER,COMMON,,,y,y,y,y,y,y,y,y,y,y,y
CONFIG_SWITCH,COMMON,,,y,y,y,y,y,y,y,y,y,y,y
CONFIG_SWP_EMULATION,PLATFORM,,,X,X,X,X,X,y,y,y,y,y,y
CONFIG_SYN_COOKIES,COMMON,,,y,y,y,y,y,y,y,y,y,y,y
CONFIG_SYNC,COMMON,,,y,y,y,y,y,y,y,y,y,y,y
CONFIG_SYSCTL_SYSCALL,PLATFORM,,,X,X,X,X,y,y,y,y,y,y,y
CONFIG_TCPC_CLASS,PROJECT,vend_jeff_chang001,new config at this commit ebc855c95fb2bdff04b66d63675dbac9387577a8,X,X,X,X,O,X,X,X,X,X,O
CONFIG_TCPC_RT1711H,PROJECT,vend_jeff_chang001,new config at this commit ebc855c95fb2bdff04b66d63675dbac9387577a8,X,X,X,X,O,X,X,X,X,X,O
CONFIG_THERMAL,COMMON,,,y,y,y,y,y,y,y,y,y,y,y
CONFIG_THERMAL_DEFAULT_GOV_BACKWARD_COMPATIBLE,COMMON,,,y,y,y,y,y,y,y,y,y,y,y
CONFIG_TMPFS,COMMON,,,y,y,y,y,y,y,y,y,y,y,y
CONFIG_TOI_CORE,PROJECT,Calvin.Hung,new config a372ef1d80a0d446e63feb21e84729437a7d1861,X,O,X,X,,O,X,X,X,X,
CONFIG_TOI_DEFAULT_WAIT,PROJECT,Calvin.Hung,new config a372ef1d80a0d446e63feb21e84729437a7d1861,X,O,X,X,,O,X,X,X,X,
CONFIG_TOI_FILE,PROJECT,Calvin.Hung,new config a372ef1d80a0d446e63feb21e84729437a7d1861,X,O,X,X,,O,X,X,X,X,
CONFIG_TOUCHSCREEN_MTK,COMMON,,,y,y,y,y,y,y,y,y,y,y,y
CONFIG_TOUCHSCREEN_MTK_GT1151,PROJECT,zh.chen,,y,y,y,y,,y,y,y,y,O,
CONFIG_TOUCHSCREEN_MTK_SYNAPTICS_3320_50,PROJECT,joan.cho,new config in this commit 9505b005d1c3680df7f8749a00217a8101f44a1b,X,X,X,X,,X,X,X,X,O,
CONFIG_TRUSTONIC_TEE_SUPPORT,PROJECT,hungwen.chien,,O,O,O,X,,O,O,X,O,O,
CONFIG_TRUSTONIC_TRUSTED_UI,PROJECT,Hungwen.Chien,new config in this commit,X,X,X,X,,X,X,X,X,O,
CONFIG_TRUSTY,PROJECT,tristan.shieh,,O,O,O,O,,O,O,O,O,O,
CONFIG_TUN,COMMON,,,y,y,y,y,y,y,y,y,y,y,y
CONFIG_TWOKEY_REBOOT_NORMAL_MODE,PROJECT,Elvin.Lin,,X,y,y,y,,y,y,y,O,y,
CONFIG_TWOKEY_REBOOT_OTHER_MODE,PROJECT,Elvin.Lin,,X,y,y,y,,y,y,y,O,y,
CONFIG_U3_PHY_AHB_SUPPORT,PLATFORM,Vincent.Fan,,X,X,X,X,y,X,X,X,y,y,y
CONFIG_U3_PHY_SMT_LOOP_BACK_SUPPORT,PROJECT,justin.hsieh,new config in this commit 019fc3e234f1822220e7e2d06756e3917ab08aef,X,X,X,X,,X,X,X,X,O,
CONFIG_UBIFS_FS,PROJECT,linger.lee,,O,X,X,X,,X,X,X,X,X,
CONFIG_UBIFS_FS_ADVANCED_COMPR,PROJECT,linger.lee,,O,X,X,X,,X,X,X,X,X,
CONFIG_UBIFS_FS_LZ4K,PROJECT,linger.lee,,O,X,X,X,,X,X,X,X,X,
CONFIG_UHID,COMMON,,,y,y,y,y,y,y,y,y,y,y,y
CONFIG_UID_CPUTIME,COMMON,May.Huang,new config db35d391a485746c9a12f4413a17961a94792323,y,y,y,y,y,y,y,y,y,y,y
CONFIG_UID_STAT,COMMON,,,y,y,y,y,y,y,y,y,y,y,y
CONFIG_UNIX,COMMON,,,y,y,y,y,y,y,y,y,y,y,y
CONFIG_USB,COMMON,,,y,y,y,y,y,y,y,y,y,y,y
CONFIG_USB_ACM,COMMON,Arvin.Wang,,X,X,X,X,X,X,X,X,X,X,X
CONFIG_USB_C_SWITCH_FUSB302,PROJECT,justin.hsieh,new config in this commit 7ddbca5bd9947e9e79a414898e8c6be366f24602,X,X,X,X,,X,X,X,X,O,
CONFIG_USB_C_SWITCH_SII70XX,PROJECT,justin.hsieh,new config in this commit 7ddbca5bd9947e9e79a414898e8c6be366f24602,X,X,X,X,,X,X,X,X,O,
CONFIG_USB_C_SWITCH_SII70XX_MHL_MODE,COMMON,chihhao.chen,new config in this commit 57c8a01463206721e18e958ecbc0692d08cf01eb,X,X,X,X,X,X,X,X,X,X,X
CONFIG_USB_G_ANDROID,COMMON,,,y,y,y,y,y,y,y,y,y,y,y
CONFIG_USB_GADGET,COMMON,,,y,y,y,y,y,y,y,y,y,y,y
CONFIG_USB_GADGET_VBUS_DRAW,COMMON,Vincent.Fan,,500,500,500,500,500,500,500,500,500,500,500
CONFIG_USB_MTK_DUALMODE,PROJECT,Arvin.Wang,,X,X,X,X,,X,X,X,y,O,
CONFIG_USB_MTK_OTG_SWITCH,PROJECT,Arvin.Wang,,X,X,X,X,,X,X,X,O,X,
CONFIG_USB_MTK_HDRC,PLATFORM,Vincent.Fan,,X,X,X,X,N,X,X,X,N,N,N
CONFIG_USB_MTK_OTG,PROJECT,Arvin.Wang,,X,O,O,X,,O,X,X,X,X,
CONFIG_USB_MU3D_DRV,PLATFORM,vincent.fan,new config in this commit 9c994a5422e4766902530dd5802569f681162b20,X,X,X,X,y,X,X,X,y,y,y
CONFIG_USB_MU3D_ONLY_U2_MODE,PROJECT,Arvin.Wang,,X,X,X,X,X,X,X,O,X,X,
CONFIG_USB_POWER_DELIVERY,PROJECT,vend_jeff_chang001,new config at this commit ebc855c95fb2bdff04b66d63675dbac9387577a8,X,X,X,X,O,X,X,X,X,X,O
CONFIG_USB_PRINTER,COMMON,Unused,,X,X,X,X,X,X,X,X,X,X,X
CONFIG_USB_STORAGE,COMMON,,,y,y,y,y,y,y,y,y,y,y,y
CONFIG_USB_STORAGE_ALAUDA,COMMON,,,y,y,y,y,y,y,y,y,y,y,y
CONFIG_USB_STORAGE_CYPRESS_ATACB,COMMON,,,y,y,y,y,y,y,y,y,y,y,y
CONFIG_USB_STORAGE_DATAFAB,COMMON,,,y,y,y,y,y,y,y,y,y,y,y
CONFIG_USB_STORAGE_DEBUG,COMMON,,,X,X,X,X,X,X,X,X,X,X,X
CONFIG_USB_STORAGE_FREECOM,COMMON,,,y,y,y,y,y,y,y,y,y,y,y
CONFIG_USB_STORAGE_ISD200,COMMON,,,y,y,y,y,y,y,y,y,y,y,y
CONFIG_USB_STORAGE_JUMPSHOT,COMMON,,,y,y,y,y,y,y,y,y,y,y,y
CONFIG_USB_STORAGE_KARMA,COMMON,,,y,y,y,y,y,y,y,y,y,y,y
CONFIG_USB_STORAGE_ONETOUCH,COMMON,,,y,y,y,y,y,y,y,y,y,y,y
CONFIG_USB_STORAGE_SDDR09,COMMON,,,y,y,y,y,y,y,y,y,y,y,y
CONFIG_USB_STORAGE_SDDR55,COMMON,,,y,y,y,y,y,y,y,y,y,y,y
CONFIG_USB_STORAGE_USBAT,COMMON,,,y,y,y,y,y,y,y,y,y,y,y
CONFIG_USB_TRANCEVIBRATOR,COMMON,,,y,y,y,y,y,y,y,y,y,y,y
CONFIG_USB_XHCI_HCD,PROJECT,Arvin.Wang,,X,X,X,X,,X,X,X,y,O,
CONFIG_USB_XHCI_MTK,PROJECT,Arvin.Wang,,X,X,X,X,,X,X,X,y,O,
CONFIG_USE_OF,PLATFORM,chia-hao.hsu,,y,y,y,y,y,X,X,X,X,X,X
CONFIG_VFAT_FS,COMMON,,,y,y,y,y,y,y,y,y,y,y,y
CONFIG_VFP,PLATFORM,,,y,y,y,y,y,X,X,X,X,X,X
CONFIG_VLAN_8021Q,COMMON,,,y,y,y,y,y,y,y,y,y,y,y
CONFIG_VT,COMMON,,,N,N,N,N,N,N,N,N,N,N,N
CONFIG_WATCHDOG,COMMON,,,y,y,y,y,y,y,y,y,y,y,y
CONFIG_X509_CERTIFICATE_PARSER,PROJECT,pangyen.chen,,X,X,X,X,X,X,X,X,X,X,X
CONFIG_XFRM_MIGRATE,COMMON,,,y,y,y,y,y,y,y,y,y,y,y
CONFIG_XFRM_SUB_POLICY,COMMON,,,y,y,y,y,y,y,y,y,y,y,y
CONFIG_XFRM_USER,COMMON,,,y,y,y,y,y,y,y,y,y,y,y
CONFIG_YAFFS_DISABLE_TAGS_ECC,PROJECT,linger.lee,,O,X,X,X,,X,X,X,X,X,
CONFIG_YAFFS_FS,PROJECT,linger.lee,,O,X,X,X,,X,X,X,X,X,
CONFIG_ZISOFS,COMMON,,,y,y,y,y,y,y,y,y,y,y,y
CONFIG_ZNDSWAP,PROJECT,Chinwen.Chang,gmo project config,O,X,O,X,,X,X,X,X,X,
CONFIG_ZONE_MOVABLE_CMA,PROJECT,Miles Chen,c21a19b6c6baa2f00aca06bca4d3bd30898bcbe9,X,X,X,X,,X,X,X,X,X,
CONFIG_ZRAM,COMMON,Chinwen.Chang,,y,y,y,y,y,y,y,y,y,y,y
CONFIG_ZRAM_DEBUG,COMMON,Chinwen.Chang,,y,y,y,y,y,y,y,y,y,y,y
CONFIG_ZRAM_LZ4_COMPRESS,PROJECT,Chinwen.Chang,,X,X,X,X,O,X,X,X,O,X,O
CONFIG_ZRAM_LZ4K_COMPRESS,PROJECT,Chinwen.Chang,,O,O,O,X,,X,X,X,O,X,
CONFIG_ZSM,PROJECT,Robbin.Chiu,new config 84a52cb60725192d8ae0c80b58c363c35484cfd4,O,O,O,X,,X,X,X,X,X,
CONFIG_ZSMALLOC,COMMON,,,y,y,y,y,y,y,y,y,y,y,y
CONFIG_DMAUSER_PAGES,PROJECT,Miles.Chen, new config 246784055571763c932926925ddb585948ce81cd, X,X,X,X,O,X,X,X,X,X,O
CONFIG_MTK_PQ_COLOR_MODE,PROJECT,Yj.li, new config I1b7b0441f385f77703b529b6efe6b78d122676b1,O,O,O,O,O,O,O,O,O,O,O
CONFIG_MTK_PERIODIC_DATA_COLLECTION, PROJECT,,,X,X,X,X,y,X,X,X,X,X,y
CONFIG_ARCH_MT6755_TURBO,PROJECT,,,X,X,X,X,X,X,X,X,y,X,X
CONFIG_CUSTOM_KERNEL_CHARGEPUMP,PROJECT,mj.song,new config,X,X,X,y,X,X,X,X,X,X,X
CONFIG_LEDS_RT4832,PROJECT,mj.song,new config,X,X,X,y,X,X,X,X,X,X,X
CONFIG_TOUCHSCREEN_UNIFIED_DRIVER_4,PROJECT,mj.song,new config,X,X,X,y,X,X,X,X,X,X,X
CONFIG_TOUCHSCREEN_LGE_FT8707,PROJECT,mj.song,new config,X,X,X,y,X,X,X,X,X,X,X
CONFIG_MTK_SENSOR_BIO,PROJECT,hongxu.zhao,,X,X,X,X,X,X,X,X,X,X,X
CONFIG_CUSTOM_KERNEL_SENSOR_FUSION,PROJECT,hongxu.zhao,,X,X,X,X,X,X,X,X,X,X,X
CONFIG_CUSTOM_KERNEL_ORIENTATION,PROJECT,hongxu.zhao,,X,X,X,X,X,X,X,X,X,X,X
CONFIG_MTK_ORIENTHUB,PROJECT,hongxu.zhao,,X,X,X,X,X,X,X,X,X,X,X
CONFIG_MTK_RT9536_SUPPORT,PROJECT,joan.cho,new config,X,X,X,O,X,X,X,X,X,X,X
CONFIG_DM_VERITY_FEC,PROJECT,pangyen.chen,new config,y,O,O,O,y,O,O,O,y,y,y
CONFIG_MTK_LENS_DW9719TAF_SUPPORT,PROJECT,aden.lee,new config,X,X,X,O,X,X,X,X,X,X,X
CONFIG_SND_SOC_MAX98926,PROJECT,chipeng.chang,,X,X,X,X,X,X,X,X,X,O,X
CONFIG_MTK_NET_RFC7217,PROJECT,Zhuoliang.Zhang,,N,N,N,N,N,N,N,N,N,N,O
CONFIG_USELIB,COMMON,,,N,N,N,N,N,N,N,N,N,N,N
CONFIG_MODULE_UNLOAD,COMMON,,,y,y,y,y,y,y,y,y,y,y,y
CONFIG_MODVERSIONS,COMMON,,,y,y,y,y,y,y,y,y,y,y,y
CONFIG_NF_CONNTRACK_SECMARK,COMMON,,,y,y,y,y,y,y,y,y,y,y,y
CONFIG_NF_CT_PROTO_DCCP,COMMON,,,y,y,y,y,y,y,y,y,y,y,y
CONFIG_NF_CT_PROTO_SCTP,COMMON,,,y,y,y,y,y,y,y,y,y,y,y
CONFIG_NF_CONNTRACK_AMANDA,COMMON,,,y,y,y,y,y,y,y,y,y,y,y
CONFIG_NF_CONNTRACK_H323,COMMON,,,y,y,y,y,y,y,y,y,y,y,y
CONFIG_NF_CONNTRACK_IRC,COMMON,,,y,y,y,y,y,y,y,y,y,y,y
CONFIG_NF_CONNTRACK_NETBIOS_NS,COMMON,,,y,y,y,y,y,y,y,y,y,y,y
CONFIG_NF_CONNTRACK_SANE,COMMON,,,y,y,y,y,y,y,y,y,y,y,y
CONFIG_NETFILTER_XT_TARGET_CONNMARK,COMMON,,,y,y,y,y,y,y,y,y,y,y,y
CONFIG_NETFILTER_XT_TARGET_CONNSECMARK,COMMON,,,y,y,y,y,y,y,y,y,y,y,y
CONFIG_NETFILTER_XT_TARGET_TPROXY,COMMON,,,y,y,y,y,y,y,y,y,y,y,y
CONFIG_NETFILTER_XT_TARGET_TRACE,COMMON,,,y,y,y,y,y,y,y,y,y,y,y
CONFIG_NETFILTER_XT_TARGET_SECMARK,COMMON,,,y,y,y,y,y,y,y,y,y,y,y
CONFIG_NETFILTER_XT_MATCH_COMMENT,COMMON,,,y,y,y,y,y,y,y,y,y,y,y
CONFIG_NETFILTER_XT_MATCH_CONNLIMIT,COMMON,,,y,y,y,y,y,y,y,y,y,y,y
CONFIG_NETFILTER_XT_MATCH_CONNMARK,COMMON,,,y,y,y,y,y,y,y,y,y,y,y
CONFIG_NETFILTER_XT_MATCH_CONNTRACK,COMMON,,,y,y,y,y,y,y,y,y,y,y,y
CONFIG_NETFILTER_XT_MATCH_HASHLIMIT,COMMON,,,y,y,y,y,y,y,y,y,y,y,y
CONFIG_NETFILTER_XT_MATCH_HELPER,COMMON,,,y,y,y,y,y,y,y,y,y,y,y
CONFIG_NETFILTER_XT_MATCH_PKTTYPE,COMMON,,,y,y,y,y,y,y,y,y,y,y,y
CONFIG_IP_NF_MATCH_AH,COMMON,,,y,y,y,y,y,y,y,y,y,y,y
CONFIG_IP_NF_MATCH_ECN,COMMON,,,y,y,y,y,y,y,y,y,y,y,y
CONFIG_IP_NF_MATCH_TTL,COMMON,,,y,y,y,y,y,y,y,y,y,y,y
CONFIG_IP_NF_SECURITY,COMMON,,,y,y,y,y,y,y,y,y,y,y,y
CONFIG_IP_NF_ARPFILTER,COMMON,,,y,y,y,y,y,y,y,y,y,y,y
CONFIG_IP_NF_ARP_MANGLE,COMMON,,,y,y,y,y,y,y,y,y,y,y,y
CONFIG_NET_EMATCH,COMMON,,,y,y,y,y,y,y,y,y,y,y,y
CONFIG_NET_EMATCH_U32,COMMON,,,y,y,y,y,y,y,y,y,y,y,y
CONFIG_QUOTA_NETLINK_INTERFACE,COMMON,,,y,y,y,y,y,y,y,y,y,y,y
CONFIG_SECURITY_PERF_EVENTS_RESTRICT,COMMON,,,y,y,y,y,y,y,y,y,y,y,y
CONFIG_HARDENED_USERCOPY,COMMON,,,y,y,y,y,y,y,y,y,y,y,y
CONFIG_MTK_LATE_MOUNT,PROJECT,,,N,N,N,N,N,N,N,N,N,N,N
CONFIG_TARGET_COPY_OUT_ODM,PROJECT,,,y,y,y,y,y,y,y,y,y,y,y
CONFIG_TASK_IO_ACCOUNTING,COMMON,,,y,y,y,y,y,y,y,y,y,y,y
CONFIG_TASKSTATS,COMMON,,,y,y,y,y,y,y,y,y,y,y,y
CONFIG_TASK_XACCT,COMMON,,,y,y,y,y,y,y,y,y,y,y,y
